title,company_name,company_field,category_major,category_minor,employment_type,seniority,location,number_of_hire,experience,salary_range,skills,job_description,requirements,job_url,company_size,company_address,company_about,company_url
總經理（General Manager）,創家股份有限公司,Retail,Management / Business,"COO, Chief Operation Officer",Full-time,"Executive (VP, GM, C-Level)","Songshan District, Taipei City, Taiwan",1,8 years of experience required,"60,000 ~ 100,000 TWD / month",[],"【職務內容】

全面負責公司營運、管理與策略擬定，確保營運目標達成
制定中長期品牌發展策略，強化產品組合與市場競爭力
領導各部門（業務、行銷、採購、財務等）協同運作，推動跨部門整合與效率優化
發展與維繫與國內外供應商、品牌夥伴與大型通路的高階合作關係
監控市場趨勢與競業動態，擬定因應策略，提升企業彈性與競爭力
定期向董事會匯報營運成果與策略建議","【職務需求】

具8年以上家電、3C產品或快消品產業高階主管經驗（總經理、副總或事業部主管等）
熟悉台灣零售與通路生態（含電商與實體通路）
具備品牌策略與營運管理實績，能兼顧銷售成長與成本控管
卓越的領導統御能力與跨部門溝通協調力
商業思維敏銳，擅長數據分析與策略擬定【加分條件】

曾任職於同業類型公司（品牌代理、通路商、品牌商）並具實績者
熟悉產品導入流程與通路操作節奏
具備品牌營運優化、制度建置或轉型經驗",https://www.cake.me/companies/haiertw-7fef47/jobs/general-manager-9c7f6c?locale=en,11 - 50 people,台北市信義區基隆路一段400號2樓,"創家股份有限公司專注於優質家電的代理與品牌經營，致力於為每個家庭創造更舒適、美好的生活體驗。我們是國際知名品牌 Honeywell（桌上型飲水機、蓮蓬頭等水相關產品）、Haier 海爾集團小家電、以及智慧清潔品牌 Roidmi 睿米吸塵器 的正式代理商，同時擁有自有品牌 iNNOHOME，提供內外兼具、兼顧美學與效能的創新生活家電。
我們的產品遍佈全台，涵蓋網路電商平台、百貨通路與實體門市，憑藉高度市場競爭力與優質售後服務，深獲消費者肯定。公司自創立以來穩健成長，業績年年創新高，團隊合作氣氛融洽，充滿活力與創意。
經營理念
➤ 為每個家庭，創造舒適的居家生活
➤ 提供追求生活品質的消費者，內外兼具的家電產品
如果你熱愛家電產業、對生活品質有高度敏銳度，並期待在穩健發展、充滿潛力的企業中成長，誠摯邀請你加入創家，一起打造更美好的生活風格。",https://www.cake.me/companies/haiertw-7fef47
"Regional Director, Programmes (Taiwan-Based)",財團法人無國界醫生基金會 Médecins Sans Frontières (Taiwan),NGO,Management / Business,"COO, Chief Operation Officer",Full-time,"Executive (VP, GM, C-Level)","Zhongshan District, Taipei City, Taiwan",1,10 years of experience required,"130,000 ~ 150,000 TWD / month",[],"Médecins Sans Frontières (MSF) is an international, independent medical humanitarian organization established in 1971, to provide medical assistance to people affected by conflict, epidemics, disasters and exclusion from healthcare. Today this global movement operates in over 70 countries worldwide.  
MSF Hong Kong (the Section), established in 1994, is a partner section within the global movement that has evolved into a regional ‘family network’ that consists of two additional branch offices (Beijing and Taiwan). The section serves the international movement through:  
Recruiting and retaining skilled medical and non-medical staff deployed in MSF projects worldwide – particularly from the East and Southeast Asia region 
Public communications and engagement in societies in the region with the objective of raising awareness on medical humanitarian concerns, supporting advocacy and stakeholder engagement efforts 
Fundraising among societies in Hong Kong, Taiwan and the region to directly support MSF’s medical humanitarian activities 
Providing a range of support services to operations in the region and beyond
The section works across 4 locations (Hong Kong, Taipei, Mainland China and Singapore). It partners with MSF Australia, Japan, and Korea in the APAC project that aims at accelerating MSF institutional development in SEA. 
Regional Director, Programmes (Based in Taiwan) 
Job Purpose 
The Regional Director, Programmes will provide leadership and operational oversight to drive the Section's elective contributions to MSF global movement. This role is pivotal in implementing the programmatic objectives of the Section’s strategic plan related to climate and environmental health, regional humanitarian response capacity, and operational governance. As a member of the management team, the Regional Director, Programmes, contributes to steering the performance of the section and is jointly accountable for the delivery of the section’s strategic objectives.  
This position requires strong decision-making capabilities, an ability to navigate complex environments, and a commitment to MSF’s social mission. It will be accountable for the progress of assigned objectives and will ensure alignment with MSF’s global priorities and principles. For detailed job information, please refer to: https://taipeimsf.bamboohr.com/careers/54?source=aWQ9Mjc%3D","Requirements 
Advanced degree in Public Health, International Relations, Humanitarian Affairs, or a related field 
Minimum 10 years in a senior leadership role in humanitarian operations or international development, of which at least 5 years in MSF and 5 years in the field 
Proven experience in managing multi-stakeholder partnerships and operational frameworks 
Demonstrated ability to integrate climate and environmental health considerations into operational planning 
Work experience in Asia and strong network within the humanitarian community in the region  
Strong leadership, strategic, communication, and negotiation skills 
Stress and conflict management ability 
Highly aware and sensitive to diverse cultures and customs  
Project management skills of international HR projects are preferrable 
Fluent in English language both spoken and written essential  
Language from the region an added value D 
Ability to travel including to MSF field projects 
Commitment to the aims and values of Médecins Sans Frontières",https://www.cake.me/companies/medecins-sans-frontieres-taiwan/jobs/regional-director-programmes-taiwan-based?locale=en,11 - 50 people,台灣台北市中山區民權東路三段35號 7號,"▌無國界醫生是一個獨立的國際醫療人道救援組織
Médecins Sans Frontières（MSF），即英文「Doctors without Borders」，中文譯為「無國界醫生」，致力為受武裝衝突、流行病、傳染病和天災影響，以及遭排拒於醫療體系以外的人群提供緊急醫療援助。無國界醫生只會基於人們的需要提供援助，不受種族、宗教、性別或政治因素左右。
我們的行動建基於醫療道德，以及中立和不偏不倚的原則。我們不會偏袒任何一方，力求為最有迫切需要的人們提供援助。在衝突地區開展的專案，我們並不接受直接牽涉到衝突的政府或其他派別的資助。
1971年，一群記者及醫生在巴黎成立無國界醫生組織。至今，我們有將近68,000的工作夥伴在世界各地參與行動。



▌

無國界醫生在台灣
2016年4月，無國界醫生組織於台北設立辦事處。2019 年正式成立財團法人無國界醫生基金會。
無國界醫生台灣辦公室專注於三個任務：1) 積極與台灣公眾和公民社會接觸，就全球人道危機和衛生緊急情況進行宣傳、支持和倡導；2) 招募台灣的醫療和非醫療人員，派遣至現場項目工作；3) 從台灣捐助者籌款，直接支持無國界醫生的社會使命和醫療人道活動。


▌ An international, independent medical humanitarian organization
Médecins Sans Frontières (MSF) translates to Doctors without Borders. We provide medical assistance to people affected by conflict, epidemics, disasters, or exclusion from healthcare. Our teams are made up of tens of thousands of health professionals, logistic and administrative staff - bound together by our charter. Our actions are guided by medical ethics and the principles of impartiality, independence and neutrality. We are a non-profit, self-governed, member-based organisation.MSF was founded in 1971 in Paris by a group of journalists and doctors. Today, we are a worldwide movement of nearly 68,000 people.
▌ MSF in Taiwan
MSF opened a representative office in Taipei in 2016 and became a Foundation in 2019.  MSF Taiwan office focuses on 3 key pillars:1)	Active engagement with Taiwanese public and civil society on global humanitarian crises and health emergency for awareness, support and advocacy purposes;2)	Recruitment of skilled Taiwanese medical and non-medical staff to dispatch to field project;3)	Fundraising from Taiwanese donors to directly supports MSF Social mission and medical humanitarian activities.",https://www.cake.me/companies/medecins-sans-frontieres-taiwan
Deputy Director,社團法人國際特赦組織台灣分會,NGO,Management / Business,"COO, Chief Operation Officer",Full-time,"Executive (VP, GM, C-Level)","Songshan District, Taipei City, Taiwan",1,10 years of experience required,"70,000 ~ 100,000 TWD / month",[],"JOB PURPOSE
Contributes to the implementation of the operational plans for the Taiwan OfficeEnsures the application of Amnesty International standards of work in areas of responsibility, including on strategy and methodology, campaigning activities, publications and the mediaContributes to the management of the Amnesty International Taiwan and deputizes for the Director
WORKING RELATIONSHIPS
Reporting to: Amnesty International Taiwan Executive Director
Posts that this job manages:To assist Executive Director in managing the current teams as needed
Other key relationships: The Deputy Director will support and deputize where required for the Director who represents Amnesty International in Taiwan to the public, and rights-holders and promotes strategic collaboration and partnerships with relevant stakeholders.MAIN RESPONSIBILITIES
Management and communications
Support the Director in the implantation of organizational vision for AI Taiwan that is aligned with AI’s Strategic Goals and which inspires and motivates internal and external stakeholdersUse political judgment and expertise to advise and support the Director and broader management group on AI’s substantive human rights work in the country,including emerging issues, trends and crisis situationsSupervise the staff and other resources to ensure their most effective use, in line with agreed priorities and policies.Promote an organizational culture of integration across programmes and manage the effective integration of relevant staffSupport the Director when in absence.
Program and advocacy management and strategic oversight
Manage the development and implementation of human rights Program and advocacy action plans on Taiwan, in line with globally agreed priorities and strategiesProvides sustained and embedded support to all AI Taiwan programme through mentoring, training and facilitating trainings on AI’s program standards, embedding transfer of skills, knowledge and networks. Monitors the implementation of these standards and adopts strategies for achieving adherence where gaps are identified.Oversee the implementation of AI Taiwan’s Membership & Growth StrategyQuality Assurance and ReportingResponsible for the quality of research, campaign, growth, communication and advocacy outputs, working closely with originators to ensure that program strategy is sound and focused, key methodology, legal and policy issues are addressed, and that the evidence, analysis and conclusions make a compelling case for changeEnsure compliance with globally developed quality assurance and impact assessment methodologies to ensure that activities meet the organizational standards of timeliness, accuracy, consistency, balance, independence and impartialityEnsure the identification and sharing of best practice models and timely reporting against key performance indicators of the entity that measure human rights impactEnsure that the team report with sufficient clarity and detail on the impact of their work, including to funders Ensure the timely delivery of agreed plansEnsure all outputs go through appropriate law and policy review","SKILLS AND EXPERIENCE
Leadership and Management
Demonstrated knowledge and direct experience of the human rights and political context in Taiwan and an expertise in international human rights legal framework, and relevant regional and national legal frameworksIn-depth experience of human rights research for advocacy purposes: Developing plan and conducting research using a range of appropriate methodologies, analysing and presenting findings, identifying advocacy targets, and applying research-based analysis to campaigning for human rights changeExperience of strategic campaigning, including knowledge of the steps required to devise campaigning strategy and awareness of the need for actions and campaigning techniques to be based on strategies and be adapted to effect changes in a given situationAbility to develop strategies and plans and review them and adapt them as required, exercising and promoting creative thinkingStrong management, organisational and people skills
Competencies
Demonstrated ability to understand and align strategic thinking with operational deliveryAble to identify opportunities and threats and to recommend appropriate mitigating action; ability to make appropriate recommendations in relation to an organization’s interests and prioritiesExcellent political judgementUnderstands and has demonstrated managerial level responsibilityDemonstrated willingness to be accountable and to receive and give performance related feedback.Experience of working under pressure, managing conflicting demands, meeting deadlines and adjusting prioritiesWritten and verbal fluency in EnglishAble to work in a manner that is consistent with the organisation’s core behaviours and competencies
EQUALITY STATEMENT
Equality and diversity is at the core of our values and staff are expected to workcollectively and individually to promote a constructive and sensitive approach to others from a variety of backgrounds, where the work of others is valued and respected.
CONFLICT OF INTEREST
Public or other activity, affiliation to or support for any group or organization, personal association or other factor which may generate a real or perceived conflict of interest with Amnesty International’s principles (specifically independence and impartiality), or raise a security concern, or otherwise prevent the candidate from carrying out key functions of the specific post and would therefore disqualify the candidate from being appointed.Application Method
Please send your [Chinese and English resume, Chinese autobiography or brief summary of experience] to Ms. Chang at [email protected].Subject: 【Application for Deputy Director - (Name)】",https://www.cake.me/companies/amnesty/jobs/deputy-director?locale=en,11 - 50 people,台灣台北市松山區八德路三段36號7樓,"國際特赦組織是一項全球性的人權運動，在全世界超過150個國家當中，擁有超過700萬支持者。國際特赦組織會員、支持者及人權工作者，共同致力於終結各種對人權的嚴重侵害。
我們的理念是每個人都應享有世界人權宣言及其他國際人權標準所載的權利。同時，國際特赦組織獨立於任何政府、政治意識形態、經濟利益或宗教，經費來源主要來自於會員及大眾捐款。
Our aim is simple: an end to human rights abuses.
Independent, international and influential, we campaign for justice, freedom and truth wherever they’re denied. And whether we're applying pressure through powerful research or direct lobbying, mass demonstrations or online campaigning, we're all inspired by hope for a better world. One where human rights are respected and protected by everyone, everywhere.
Amnesty International is a global movement of more than 7 million people who campaign for a world where human rights are enjoyed by all. Our supporters are outraged by human rights abuses but inspired by hope for a better world - so we work to improve human rights through campaigning and international solidarity.
We reach almost every country in the world and have: · more than 2 million members and supporters who drive forward our fight for rights · more than 5 million activists who strengthen our calls for justiceYou can help make a real difference by becoming a member or supporter of Amnesty International.",https://www.cake.me/companies/amnesty
🎖國外工作機會 - 領先全球製造商 - IT head(東南亞) - Candice,Cake Recruitment Consulting,Human Resources,IT,Development Manager,Full-time,"Executive (VP, GM, C-Level)","Taipei, Taiwan",1,10 years of experience required,"1,800,000 ~ 3,000,000 TWD / year","['IT Infrastructure', 'SAP', 'People Manager']","🎖 優渥的福利制度
🌍 全球化規模✈️ 跨國/海外工作IT策略執行 制定並執行符合企業數位轉型目標的IT路線圖，確保系統與服務滿足運營與戰略需求。技術運營與基礎設施管理優化SAP ERP及其他企業系統，確保系統穩定性、效能及擴展性以支援業務增長。專案與計畫管理 領導並管理IT相關專案，確保在時限內達成目標，同時與跨部門團隊協作，推動數位解決方案成功落地。團隊領導與發展建立並領導高效的IT團隊，提供指導並提升團隊技術與領導能力，推動部門持續進步。預算與供應商管理有效管理IT部門預算，優化資源分配，並與外部供應商合作，確保高品質、具成本效益的解決方案。",熟悉SAP ERP及相關企業應用系統的運營與維護，對數位轉型有實務經驗者尤佳。具備豐富的IT專案管理經驗，能協調多方資源，確保專案如期、如質完成。對最新的科技趨勢（如數位化、雲端、AI等）有深入了解，能提出具前瞻性的技術建議。良好的跨部門溝通技巧，能與業務單位建立良好合作，並為高層管理提供技術建議。具備 5+ 年管理經驗,https://www.cake.me/companies/cake-recruitment-consulting/jobs/083d0a?locale=en,11 - 50 people,"12F., No. 287, Sec. 3, Nanjing E. Rd., Songshan Dist., Taipei City 105, Taiwan (R.O.C.)","🔥This is the Cake Recruitment Consulting official web page🔥Cake Recruitment Consulting - Executive Search, Contracting, EoR/Payroll
We offer a full range of services, including Executive Search, Contracting, and EoR/Payroll, to meet all your recruitment needs.
Our Special Advantages and Differentiation:
Professional Recruiter + Direct Sourcing - All consultants have industry experience. In addition to providing accurate talent search. E.g Identify relevant client’s competitors, and engage in comprehensive talent acquisition, building long-term relationships with candidates, and providing market information to clients.CakeResume AI + Martech Recruitment - By leveraging digital Martech technology and employer branding, the recruitment process is optimized. Through a database of millions of potential candidates who would not normally appear, the number of candidates reached is increased and speeds up the sourcing process to fill the talent gap.

About Cake Recruitment ConsultingCake is the Leading Asia talent platform. With over millions+ active resumes in our database and still it is increasing every day.
Currently more than 7,000+ clients are using our recruitment services.",https://www.cake.me/companies/cake-recruitment-consulting
🎖Global Blockchain Company - CTO - Candice,Cake Recruitment Consulting,Human Resources,IT,Development Manager,Full-time,"Executive (VP, GM, C-Level)","Taipei, Taiwan",1,10 years of experience required,"2,000,000 ~ 6,000,000 TWD / year","['Blockchain', 'CTO', 'Lead Engineer']","🎖 Competitive salary 
🌍 Globally-Oriented Product
主要職責：
- Develop and execute the company's technical vision and roadmap to align with business objectives.- Lead system architecture design to ensure high performance, availability, and security.- Solve complex challenges in blockchain technology, such as consensus mechanisms, smart contracts, and decentralized storage.- Create development plans, allocate resources, and monitor project progress.
- 制定並執行公司的技術願景與發展路線，支持業務目標。- 主導系統架構設計，確保高性能、高可用性與安全性。- 解決區塊鏈技術中的複雜問題（如共識機制、智能合約、去中心化存儲）。- 制定開發計畫、分配資源，並監控專案進度。","Familiarity with blockchain or related industries.Graduates from relevant fields are preferred.Strong cross-team collaboration and communication skills, with a willingness to learn new technologies and share knowledge.Excellent communication skills.熟悉區塊鏈或相關產業相關科系畢業者優先考慮良好的跨團隊合作與溝通能力，樂於學習新技術並分享知識良好的溝通能力",https://www.cake.me/companies/cake-recruitment-consulting/jobs/318ae7?locale=en,11 - 50 people,"12F., No. 287, Sec. 3, Nanjing E. Rd., Songshan Dist., Taipei City 105, Taiwan (R.O.C.)","🔥This is the Cake Recruitment Consulting official web page🔥Cake Recruitment Consulting - Executive Search, Contracting, EoR/Payroll
We offer a full range of services, including Executive Search, Contracting, and EoR/Payroll, to meet all your recruitment needs.
Our Special Advantages and Differentiation:
Professional Recruiter + Direct Sourcing - All consultants have industry experience. In addition to providing accurate talent search. E.g Identify relevant client’s competitors, and engage in comprehensive talent acquisition, building long-term relationships with candidates, and providing market information to clients.CakeResume AI + Martech Recruitment - By leveraging digital Martech technology and employer branding, the recruitment process is optimized. Through a database of millions of potential candidates who would not normally appear, the number of candidates reached is increased and speeds up the sourcing process to fill the talent gap.

About Cake Recruitment ConsultingCake is the Leading Asia talent platform. With over millions+ active resumes in our database and still it is increasing every day.
Currently more than 7,000+ clients are using our recruitment services.",https://www.cake.me/companies/cake-recruitment-consulting
🎖外商 - 知名區塊鏈公司 - VP of Engineering - Candice,Cake Recruitment Consulting,Human Resources,IT,Development Manager,Full-time,"Executive (VP, GM, C-Level)","Taipei, Taiwan",1,8 years of experience required,"2,000,000 ~ 6,000,000 TWD / year","['Lead Engineer', 'Backend', 'VP of Engineering']","🎖自由、扁平組織
💵資金穩定，產品面向國際
主要職責：- 帶領團隊完成區塊鏈相關應用、協議或基礎設施的軟體開發，確保專案按時交付並符合業務需求。- 與產品經理、業務部門及其他相關團隊密切合作- 負責新產品開發以及現有產品優化- 制定開發計畫、分配資源，並監控專案進度。",精通關聯式資料庫設計與優化相關科系畢業者優先考慮良好的跨團隊合作與溝通能力，樂於學習新技術並分享知識。具備流量處理經驗者加分,https://www.cake.me/companies/cake-recruitment-consulting/jobs/17a200?locale=en,11 - 50 people,"12F., No. 287, Sec. 3, Nanjing E. Rd., Songshan Dist., Taipei City 105, Taiwan (R.O.C.)","🔥This is the Cake Recruitment Consulting official web page🔥Cake Recruitment Consulting - Executive Search, Contracting, EoR/Payroll
We offer a full range of services, including Executive Search, Contracting, and EoR/Payroll, to meet all your recruitment needs.
Our Special Advantages and Differentiation:
Professional Recruiter + Direct Sourcing - All consultants have industry experience. In addition to providing accurate talent search. E.g Identify relevant client’s competitors, and engage in comprehensive talent acquisition, building long-term relationships with candidates, and providing market information to clients.CakeResume AI + Martech Recruitment - By leveraging digital Martech technology and employer branding, the recruitment process is optimized. Through a database of millions of potential candidates who would not normally appear, the number of candidates reached is increased and speeds up the sourcing process to fill the talent gap.

About Cake Recruitment ConsultingCake is the Leading Asia talent platform. With over millions+ active resumes in our database and still it is increasing every day.
Currently more than 7,000+ clients are using our recruitment services.",https://www.cake.me/companies/cake-recruitment-consulting
💰 智慧金融科技新創 X 全球 AI 財富管理 - 業務長/業務總監 - AC,Cake Recruitment Consulting,Human Resources,Management / Business,Sales,Full-time,"Executive (VP, GM, C-Level)","Taipei, Taiwan",1,6 years of experience required,"1,500,000 ~ 2,000,000 TWD / year","['Sales', 'Business Development', 'BD']","提供顧客專業的投資理財、資產配置及信託管理服務，擁有出色的溝通和表達能力，能撰寫文章並經營個人社群。積極拓展市場，實現公司目標，領導部門業務發展，尋求新的合作與成長機會，評估並推動擴張方案和業務增長。工作內容
整合團隊資源，帶領團隊完成年度目標。能在遇到問題時跨部門合作，及時有效地解決客戶問題。提出符合公司發展並有助於業績的創新業務策略，領導團隊按時完成高品質專案，主動提出流程改進和優化建議。有效達成公司制定的各項業務指標，包括 B2B 法人資金規劃和 B2C 個人財富管理。具備財務規劃專業知識，提供客戶投資規劃和理財顧問服務，與客戶利益一致，追求客戶資產成長。認同長期顧問管理費（AUM）收費制度，通過AUM累計獎金模式，與客戶及渠道建立長期關係。不懼怕文字創作、上台演講（線上或實體）和面對鏡頭，能協助同事經營數位媒體平台（如部落格、直播、YouTube、IG等），並給予建議，通過理財教育吸引目標客戶。規劃大型論壇/講座，能與同事一起完成講座業務推廣。","擁有CFP證照，熟悉財務規劃或ETF、資產配置、投資組合、信託規劃者尤佳，符合法規要求。具邏輯思考能力和團隊合作精神，能獨立完成目標並樂於合作。個性積極進取，對客戶有耐心，喜歡業務工作。具業務能力和銷售技巧，能進行專業簡報。抗壓性強，主動積極，配合公司政策。具有創意，能理解和制定業務策略。具卓越的目標管理能力和團隊領導績效。自學能力強，有想法，執行力高，良好的中英閱讀能力，抗壓性強，配合度高，可獨立作業。具良好的溝通表達能力，能面對鏡頭。
🦉 若對本職缺感興趣，請準備履歷直接與招募顧問 Adam 聯繫。聯繫人：招募顧問 Adam Chuang聯繫方式：LINE https://line.me/ti/p/APZRQhslxZ（ID:adamc6）備註：加入後可以直接傳送履歷及欲詢問職缺的截圖給我，讓我快速了解你的背景。我會盡快分享詳細公司資訊給您 🙌🏻",https://www.cake.me/companies/cake-recruitment-consulting/jobs/666543?locale=en,11 - 50 people,"12F., No. 287, Sec. 3, Nanjing E. Rd., Songshan Dist., Taipei City 105, Taiwan (R.O.C.)","🔥This is the Cake Recruitment Consulting official web page🔥Cake Recruitment Consulting - Executive Search, Contracting, EoR/Payroll
We offer a full range of services, including Executive Search, Contracting, and EoR/Payroll, to meet all your recruitment needs.
Our Special Advantages and Differentiation:
Professional Recruiter + Direct Sourcing - All consultants have industry experience. In addition to providing accurate talent search. E.g Identify relevant client’s competitors, and engage in comprehensive talent acquisition, building long-term relationships with candidates, and providing market information to clients.CakeResume AI + Martech Recruitment - By leveraging digital Martech technology and employer branding, the recruitment process is optimized. Through a database of millions of potential candidates who would not normally appear, the number of candidates reached is increased and speeds up the sourcing process to fill the talent gap.

About Cake Recruitment ConsultingCake is the Leading Asia talent platform. With over millions+ active resumes in our database and still it is increasing every day.
Currently more than 7,000+ clients are using our recruitment services.",https://www.cake.me/companies/cake-recruitment-consulting
健康科技產業龍頭 HR VP -JC,Cake Recruitment Consulting,Human Resources,HR,HR Manager,Full-time,"Executive (VP, GM, C-Level)","Taichung City, Taiwan",1,10 years of experience required,200 ~ 350 TWD / month,[],"1. Collaborates with executive leadership to define the organization’s long-term mission
and goals; identifies ways to support this mission through talent management.
2. Identifies key performance indicators for the organization’s human resource and talent
management functions; assesses the organization’s success and market competitiveness
based on these metrics.
3. Researches, develops, and implements competitive compensation, benefits,
performance appraisal, and employee incentive programs.
4. Provides guidance and leadership to the human resource management team; assists
with resolution of human resource, compensation, and benefits questions, concerns, and
issues.
5. Ensures compliance with employment, benefits, insurance, safety, and other laws,
regulations, and requirements.
6. Maintains knowledge of laws, regulations, and best practices in employment law,
human resources, and talent management.
7. Drafts and implements the organization’s staffing budget, and the budget for the human
resource department.
8. Participates in professional development and networking conferences and events.
9. Performs other duties as assigned.","【必要條件】
1. 具Headquarter-HR角色,管理多家跨國子公司之集團人資管理經驗
2. 具有建構集團薪酬架構經驗
3. 過往有服務於海外銷售子公司經驗
4. 中部人選佳。",https://www.cake.me/companies/cake-recruitment-consulting/jobs/health-technology-industry-leader-hr-vp-jc?locale=en,11 - 50 people,"12F., No. 287, Sec. 3, Nanjing E. Rd., Songshan Dist., Taipei City 105, Taiwan (R.O.C.)","🔥This is the Cake Recruitment Consulting official web page🔥Cake Recruitment Consulting - Executive Search, Contracting, EoR/Payroll
We offer a full range of services, including Executive Search, Contracting, and EoR/Payroll, to meet all your recruitment needs.
Our Special Advantages and Differentiation:
Professional Recruiter + Direct Sourcing - All consultants have industry experience. In addition to providing accurate talent search. E.g Identify relevant client’s competitors, and engage in comprehensive talent acquisition, building long-term relationships with candidates, and providing market information to clients.CakeResume AI + Martech Recruitment - By leveraging digital Martech technology and employer branding, the recruitment process is optimized. Through a database of millions of potential candidates who would not normally appear, the number of candidates reached is increased and speeds up the sourcing process to fill the talent gap.

About Cake Recruitment ConsultingCake is the Leading Asia talent platform. With over millions+ active resumes in our database and still it is increasing every day.
Currently more than 7,000+ clients are using our recruitment services.",https://www.cake.me/companies/cake-recruitment-consulting
知名半導體零組件商 人資高階主管(人資長、人資處長)-JC,Cake Recruitment Consulting,Human Resources,HR,HR Manager,Full-time,"Executive (VP, GM, C-Level)","Taipei City, Taiwan",1,15 years of experience required,200 ~ 300 TWD / year,[],1. 順應公司發展，制定人力資源發展策略，以支持公司策略目標。2. 與高級管理層合作，提供人力資源方面的建議和支持，以制定和調整公司的策略和計劃。3. 協助制定和實施公司的文化和價值觀，促進員工的凝聚力和忠誠度。4. 整合集團人力資源管理綜效(如：招募策略、人力盤點提升人效、人才接班與培育、規劃獎勵與激勵制度等HR策略)5. 監督人力資源團隊的日常運作，指導和培養下屬，確保團隊的高效運作。,1.具備電子業背景2.可以配合公司需求出差大陸，管理兩岸HR業務，具備策略思考與HR轉型升級強化3.具有深入的人力資源知識，熟悉相關法規和標準，能夠制定和實施有效的人力資源策略和流程。4.具備優秀的領導能力和團隊管理技能，能夠有效地指導和激勵團隊。5.具有良好的溝通和人際關係技巧，能夠與跨部門管理層有效溝通和協作。6.具有良好的問題解決和決策能力，能夠應對各種挑戰和壓力。7.具有創新和改進的精神，能夠持續推動人力資源部門的改革和提升。,https://www.cake.me/companies/cake-recruitment-consulting/jobs/semiconductor-component-merchant-hr-executive?locale=en,11 - 50 people,"12F., No. 287, Sec. 3, Nanjing E. Rd., Songshan Dist., Taipei City 105, Taiwan (R.O.C.)","🔥This is the Cake Recruitment Consulting official web page🔥Cake Recruitment Consulting - Executive Search, Contracting, EoR/Payroll
We offer a full range of services, including Executive Search, Contracting, and EoR/Payroll, to meet all your recruitment needs.
Our Special Advantages and Differentiation:
Professional Recruiter + Direct Sourcing - All consultants have industry experience. In addition to providing accurate talent search. E.g Identify relevant client’s competitors, and engage in comprehensive talent acquisition, building long-term relationships with candidates, and providing market information to clients.CakeResume AI + Martech Recruitment - By leveraging digital Martech technology and employer branding, the recruitment process is optimized. Through a database of millions of potential candidates who would not normally appear, the number of candidates reached is increased and speeds up the sourcing process to fill the talent gap.

About Cake Recruitment ConsultingCake is the Leading Asia talent platform. With over millions+ active resumes in our database and still it is increasing every day.
Currently more than 7,000+ clients are using our recruitment services.",https://www.cake.me/companies/cake-recruitment-consulting
Vice President of Operations,Cake Recruitment Consulting,Human Resources,Manufacturing,Manufacturing Operator,Full-time,"Executive (VP, GM, C-Level)",Taiwan,1,20 years of experience required,"4,000,000 ~ 9,999,999 TWD / year",[],"Job Title: Vice President of Operations
Company Overview: The Company is a distinguished provider of cutting-edge networking solutions, dedicated to delivering unparalleled products and services to meet the dynamic demands of our clientele.
Key Responsibilities:
Strategic Leadership: Craft and execute comprehensive strategic initiatives aimed at maximizing operational efficiencies and propelling organizational growth and profitability.Operational Oversight: Provide astute leadership and oversight across all facets of operations, encompassing manufacturing, supply chain management, logistics, and quality assurance, ensuring seamless alignment with organizational objectives.Process Optimization: Spearhead initiatives to identify and capitalize on opportunities for process enhancement and cost reduction, championing the adoption of industry-leading best practices to bolster operational efficacy and productivity.Quality Assurance: Establish and uphold rigorous quality standards and protocols to uphold the integrity and reliability of products and services, fostering unwavering customer trust and satisfaction.Supply Chain Management: Collaborate closely with cross-functional teams to optimize supply chain dynamics, minimize lead times, and expedite product delivery to our esteemed clientele.Vendor Relationship Management: Cultivate and nurture strategic partnerships with key suppliers and contract manufacturers, fostering synergistic relationships that drive mutual success and value creation.Team Leadership: Provide visionary leadership and mentorship to the operations team, fostering a culture of collaboration, innovation.Performance Analysis and Reporting: Implement robust performance metrics and KPIs to meticulously monitor and assess operational performance, furnishing senior management with actionable insights and strategic recommendations.Risk Mitigation: Proactively identify and mitigate potential operational risks, deploying robust strategies and contingency plans to safeguard business continuity and uphold our commitment to unrivaled customer satisfaction.Regulatory Compliance: Ensure meticulous adherence to pertinent industry regulations and standards governing operational activities, upholding unwavering commitment to ethical and regulatory compliance.","Qualifications:
Master's degree in Engineering or a related field; MBA or advanced degree preferred.A minimum of 10 years of progressive experience in operational management within the technology or networking industry, including at least 5 years in a senior leadership capacity.Demonstrated track record of driving operational excellence, process optimization, and cost containment initiatives within a global manufacturing environment.Exceptional leadership acumen, coupled with superlative communication skills, enabling the effective mobilization and alignment of cross-functional teams towards shared strategic objectives.Strategic foresight and a results-driven orientation, underpinned by a relentless pursuit of continuous improvement and operational excellence.Proficiency in navigating complex operational landscapes, coupled with astute problem-solving abilities and a keen eye for detail.Thorough familiarity with industry regulations and standards governing operational activities, including ISO, RoHS, and REACH compliance.Flexibility and willingness to travel domestically and internationally as required to fulfill job responsibilities.
Preferred Qualifications:
Proven experience in a similar leadership capacity within the networking or telecommunications industry, demonstrating a keen understanding of the unique operational dynamics and challenges inherent to the sector.Familiarity with lean manufacturing principles, Six Sigma methodologies, and other advanced operational frameworks and methodologies.Proficiency in implementing and leveraging ERP systems and other operational tools to streamline processes and drive operational efficiencies.Exceptional negotiation skills and a demonstrated ability to cultivate and manage strategic vendor relationships for mutual benefit and long-term success.",https://www.cake.me/companies/cake-recruitment-consulting/jobs/vice-president-of-operations?locale=en,11 - 50 people,"12F., No. 287, Sec. 3, Nanjing E. Rd., Songshan Dist., Taipei City 105, Taiwan (R.O.C.)","🔥This is the Cake Recruitment Consulting official web page🔥Cake Recruitment Consulting - Executive Search, Contracting, EoR/Payroll
We offer a full range of services, including Executive Search, Contracting, and EoR/Payroll, to meet all your recruitment needs.
Our Special Advantages and Differentiation:
Professional Recruiter + Direct Sourcing - All consultants have industry experience. In addition to providing accurate talent search. E.g Identify relevant client’s competitors, and engage in comprehensive talent acquisition, building long-term relationships with candidates, and providing market information to clients.CakeResume AI + Martech Recruitment - By leveraging digital Martech technology and employer branding, the recruitment process is optimized. Through a database of millions of potential candidates who would not normally appear, the number of candidates reached is increased and speeds up the sourcing process to fill the talent gap.

About Cake Recruitment ConsultingCake is the Leading Asia talent platform. With over millions+ active resumes in our database and still it is increasing every day.
Currently more than 7,000+ clients are using our recruitment services.",https://www.cake.me/companies/cake-recruitment-consulting
Vice President of Operations,Cake Recruitment Consulting,Human Resources,Manufacturing,Manufacturing Operator,Full-time,"Executive (VP, GM, C-Level)",Taiwan,1,20 years of experience required,"4,000,000 ~ 9,999,999 TWD / year",[],"Job Title: Vice President of Operations
Company Overview: The Company is a distinguished provider of cutting-edge networking solutions, dedicated to delivering unparalleled products and services to meet the dynamic demands of our clientele.
Key Responsibilities:
Strategic Leadership: Craft and execute comprehensive strategic initiatives aimed at maximizing operational efficiencies and propelling organizational growth and profitability.Operational Oversight: Provide astute leadership and oversight across all facets of operations, encompassing manufacturing, supply chain management, logistics, and quality assurance, ensuring seamless alignment with organizational objectives.Process Optimization: Spearhead initiatives to identify and capitalize on opportunities for process enhancement and cost reduction, championing the adoption of industry-leading best practices to bolster operational efficacy and productivity.Quality Assurance: Establish and uphold rigorous quality standards and protocols to uphold the integrity and reliability of products and services, fostering unwavering customer trust and satisfaction.Supply Chain Management: Collaborate closely with cross-functional teams to optimize supply chain dynamics, minimize lead times, and expedite product delivery to our esteemed clientele.Vendor Relationship Management: Cultivate and nurture strategic partnerships with key suppliers and contract manufacturers, fostering synergistic relationships that drive mutual success and value creation.Team Leadership: Provide visionary leadership and mentorship to the operations team, fostering a culture of collaboration, innovation.Performance Analysis and Reporting: Implement robust performance metrics and KPIs to meticulously monitor and assess operational performance, furnishing senior management with actionable insights and strategic recommendations.Risk Mitigation: Proactively identify and mitigate potential operational risks, deploying robust strategies and contingency plans to safeguard business continuity and uphold our commitment to unrivaled customer satisfaction.Regulatory Compliance: Ensure meticulous adherence to pertinent industry regulations and standards governing operational activities, upholding unwavering commitment to ethical and regulatory compliance.","Qualifications:
Master's degree in Engineering or a related field; MBA or advanced degree preferred.A minimum of 10 years of progressive experience in operational management within the technology or networking industry, including at least 5 years in a senior leadership capacity.Demonstrated track record of driving operational excellence, process optimization, and cost containment initiatives within a global manufacturing environment.Exceptional leadership acumen, coupled with superlative communication skills, enabling the effective mobilization and alignment of cross-functional teams towards shared strategic objectives.Strategic foresight and a results-driven orientation, underpinned by a relentless pursuit of continuous improvement and operational excellence.Proficiency in navigating complex operational landscapes, coupled with astute problem-solving abilities and a keen eye for detail.Thorough familiarity with industry regulations and standards governing operational activities, including ISO, RoHS, and REACH compliance.Flexibility and willingness to travel domestically and internationally as required to fulfill job responsibilities.
Preferred Qualifications:
Proven experience in a similar leadership capacity within the networking or telecommunications industry, demonstrating a keen understanding of the unique operational dynamics and challenges inherent to the sector.Familiarity with lean manufacturing principles, Six Sigma methodologies, and other advanced operational frameworks and methodologies.Proficiency in implementing and leveraging ERP systems and other operational tools to streamline processes and drive operational efficiencies.Exceptional negotiation skills and a demonstrated ability to cultivate and manage strategic vendor relationships for mutual benefit and long-term success.",https://www.cake.me/companies/cake-recruitment-consulting/jobs/vice-president-of-operations?locale=en,11 - 50 people,"12F., No. 287, Sec. 3, Nanjing E. Rd., Songshan Dist., Taipei City 105, Taiwan (R.O.C.)","🔥This is the Cake Recruitment Consulting official web page🔥Cake Recruitment Consulting - Executive Search, Contracting, EoR/Payroll
We offer a full range of services, including Executive Search, Contracting, and EoR/Payroll, to meet all your recruitment needs.
Our Special Advantages and Differentiation:
Professional Recruiter + Direct Sourcing - All consultants have industry experience. In addition to providing accurate talent search. E.g Identify relevant client’s competitors, and engage in comprehensive talent acquisition, building long-term relationships with candidates, and providing market information to clients.CakeResume AI + Martech Recruitment - By leveraging digital Martech technology and employer branding, the recruitment process is optimized. Through a database of millions of potential candidates who would not normally appear, the number of candidates reached is increased and speeds up the sourcing process to fill the talent gap.

About Cake Recruitment ConsultingCake is the Leading Asia talent platform. With over millions+ active resumes in our database and still it is increasing every day.
Currently more than 7,000+ clients are using our recruitment services.",https://www.cake.me/companies/cake-recruitment-consulting
🎮 百萬級流量 - 知名遊戲公司 - CTO - CH,Cake Recruitment Consulting,Human Resources,IT,"CTO, Chief Technology Officer",Full-time,"Executive (VP, GM, C-Level)","Taipei City, Taiwan",1,7 years of experience required,"1,700,000 ~ 3,600,000 TWD / year","['CTO', 'high-level', 'VP of engineering']",- 成立超過 10 年的穩健團隊- 團隊氣氛活潑、扁平、高度自主- 積極發展新技術、新產品- 帶領團隊研發新產品- 進行人員管理、績效評核,"- 具備遊戲產業管理經驗優先考慮- 主要使用 Java, .NET, C++ 等技術，擇一熟悉即可- 具備良好的溝通能力、商業策略思維",https://www.cake.me/companies/cake-recruitment-consulting/jobs/millions-of-traffic-well-known-game-company-cto-ch?locale=en,11 - 50 people,"12F., No. 287, Sec. 3, Nanjing E. Rd., Songshan Dist., Taipei City 105, Taiwan (R.O.C.)","🔥This is the Cake Recruitment Consulting official web page🔥Cake Recruitment Consulting - Executive Search, Contracting, EoR/Payroll
We offer a full range of services, including Executive Search, Contracting, and EoR/Payroll, to meet all your recruitment needs.
Our Special Advantages and Differentiation:
Professional Recruiter + Direct Sourcing - All consultants have industry experience. In addition to providing accurate talent search. E.g Identify relevant client’s competitors, and engage in comprehensive talent acquisition, building long-term relationships with candidates, and providing market information to clients.CakeResume AI + Martech Recruitment - By leveraging digital Martech technology and employer branding, the recruitment process is optimized. Through a database of millions of potential candidates who would not normally appear, the number of candidates reached is increased and speeds up the sourcing process to fill the talent gap.

About Cake Recruitment ConsultingCake is the Leading Asia talent platform. With over millions+ active resumes in our database and still it is increasing every day.
Currently more than 7,000+ clients are using our recruitment services.",https://www.cake.me/companies/cake-recruitment-consulting
Head of GM Office,Cake Recruitment Consulting,Human Resources,Marketing / Advertising,"CMO, Chief Marketing Officer",Full-time,"Executive (VP, GM, C-Level)",Taiwan,1,20 years of experience required,"4,000,000 ~ 9,999,999 TWD / month","['GM', 'Market', 'Business Strategy']","What You'll Own:
1. Powering Program Excellence:
Lead the charge in driving and executing pivotal GMO programs and initiatives. Imagine, strategize, and execute, conducting in-depth feasibility assessments, market explorations, and financial plotting.Ignite technological strategies, crafting precise project timelines while fueling the SBG team's knowledge and prowess through tailored training endeavors.
2. Global Program Leadership:
Be the trailblazer steering strategic semiconductor manufacturing projects on a global canvas. Craft pathways aligned with our business pulse, dynamically adapting strategies and orchestrating seamless negotiations.Co-pilot weekly sessions with our global partners and internal teams, fostering unity, collaboration, and supercharging project synchronization.
3. Task Mastery and Priority Elevation:
Take the helm in orchestrating, tracking, and prioritizing crucial tasks, elevating them to spotlight and ensuring they dazzle. Delegate, follow through, and witness the crescendo of task accomplishments.
4. Mastering Foreign Engagements:
Direct the symphony of foreign meetings and partner visits. Command the stage, captivating audiences, leading conversations, and painting vibrant pictures of collaboration.","What We're Looking For:
An Engineering Luminary: A bachelor's degree in Engineering, powered up with an MBA.A Decade in the Limelight: Over ten years commanding the semiconductor manufacturing domain from the helm.A Multi-Dimensional Virtuoso: A virtuoso in project management, the art of communication, financial wizardry, sales prowess, and marketing magic.A Linguistic Alchemist: Fluent in both Mandarin and English, creating seamless connections across borders.The Organized Dynamo: A fusion of focus, efficiency, and adaptability—a rapid learner coupled with exemplary people skills.",https://www.cake.me/companies/cake-recruitment-consulting/jobs/head-of-gm-office?locale=en,11 - 50 people,"12F., No. 287, Sec. 3, Nanjing E. Rd., Songshan Dist., Taipei City 105, Taiwan (R.O.C.)","🔥This is the Cake Recruitment Consulting official web page🔥Cake Recruitment Consulting - Executive Search, Contracting, EoR/Payroll
We offer a full range of services, including Executive Search, Contracting, and EoR/Payroll, to meet all your recruitment needs.
Our Special Advantages and Differentiation:
Professional Recruiter + Direct Sourcing - All consultants have industry experience. In addition to providing accurate talent search. E.g Identify relevant client’s competitors, and engage in comprehensive talent acquisition, building long-term relationships with candidates, and providing market information to clients.CakeResume AI + Martech Recruitment - By leveraging digital Martech technology and employer branding, the recruitment process is optimized. Through a database of millions of potential candidates who would not normally appear, the number of candidates reached is increased and speeds up the sourcing process to fill the talent gap.

About Cake Recruitment ConsultingCake is the Leading Asia talent platform. With over millions+ active resumes in our database and still it is increasing every day.
Currently more than 7,000+ clients are using our recruitment services.",https://www.cake.me/companies/cake-recruitment-consulting
VP of Mfg (Optical communication ),Cake Recruitment Consulting,Human Resources,Manufacturing,Other,Full-time,"Executive (VP, GM, C-Level)",Taiwan,1,20 years of experience required,"4,000,000 ~ 9,999,999 TWD / year","['Manufacturing', 'Optical', 'Optical Fiber']","Strategically contribute to formulating the company's product and technological roadmap, devising meticulous development plans for the manufacturing center, and proficiently managing associated risks.Develop and execute comprehensive annual operational plans for the manufacturing center in alignment with the company's strategic goals and spearhead projects aimed at continuous enhancement.Provide meticulous oversight and leadership in all facets of product manufacturing, ensuring excellence in cost management, quality assurance, on-time delivery, inventory control, and overall production operations.Lead the strategic planning and implementation of automated production lines, fostering efficiency and scalability within the manufacturing infrastructure.Drive talent cultivation initiatives for the manufacturing center, steering the direction of annual training programs for departmental units to nurture skill development and organizational growth.Collaborate seamlessly in executing the company's annual talent assessment procedures, adhering rigorously to established organizational protocols.","Bachelor's degree or higher qualification, with a preference for a Master's degree, in disciplines such as Electrical Engineering, Electronics, Optoelectronics, Telecommunications, or related fields.8+ years of extensive and diverse experience in the electronics industry encompassing production, technology, and asset management, hands-on experience in Mainland China is preferred.Familiar with Optical Communication Product Design & Manufacturing.Exceptional organizational acumen, meticulous attention to detail, and a strategic mindset with a demonstrated ability to plan and execute complex initiatives.Proficiency in English, showcasing adeptness in oral communication, listening, reading, and written expression.",https://www.cake.me/companies/cake-recruitment-consulting/jobs/vp-of-mfg-optical-communication?locale=en,11 - 50 people,"12F., No. 287, Sec. 3, Nanjing E. Rd., Songshan Dist., Taipei City 105, Taiwan (R.O.C.)","🔥This is the Cake Recruitment Consulting official web page🔥Cake Recruitment Consulting - Executive Search, Contracting, EoR/Payroll
We offer a full range of services, including Executive Search, Contracting, and EoR/Payroll, to meet all your recruitment needs.
Our Special Advantages and Differentiation:
Professional Recruiter + Direct Sourcing - All consultants have industry experience. In addition to providing accurate talent search. E.g Identify relevant client’s competitors, and engage in comprehensive talent acquisition, building long-term relationships with candidates, and providing market information to clients.CakeResume AI + Martech Recruitment - By leveraging digital Martech technology and employer branding, the recruitment process is optimized. Through a database of millions of potential candidates who would not normally appear, the number of candidates reached is increased and speeds up the sourcing process to fill the talent gap.

About Cake Recruitment ConsultingCake is the Leading Asia talent platform. With over millions+ active resumes in our database and still it is increasing every day.
Currently more than 7,000+ clients are using our recruitment services.",https://www.cake.me/companies/cake-recruitment-consulting
🤵‍♂﻿ (技術頂規職位- 年後到職) - 資安專案公司 - 資訊研發長 - SH,Cake Recruitment Consulting,Human Resources,IT,"CIO, Chief Information Officer",Full-time,"Executive (VP, GM, C-Level)","Xinyi District, Taipei City, Taiwan 110",1,8 years of experience required,"1,600,000 ~ 2,500,000 TWD / year","['Leadership + Management', 'CTO', '研發長']",（年後到職) 具備c# .net 技術底＋高階管理 20人以上團隊經驗 🚩研發長 預計管理40-50人 開發團隊 🚔🎽 職務團隊管理，公司決策面，客戶需求討論掌握，人事成本管控，與技術長密切合作公營單位👩‍✈👨‍✈ 指定最佳解決方案專家 ⛳ 信義區辦公室研發長 預計管理8-10人 （有相關管理能力即可挑戰）🚔🚓 資安專案 科技執法 數位鑑識/AI 科技偵查輔助平台/設備監控 🚨 🥇企業認證一線精品品牌 2022年 金峰獎「最佳企業類」「最佳產品類」獎🏆,"若您初步符合條件且對本職缺感興趣，請準備履歷私訊與獵才招募顧問 Samuel聯繫。聯繫人：招募顧問 Samuel Hsu聯繫方式 LINE : https://line.me/ti/p/7ofhxyEWdk (ID: samuelhuscake)LinkedIn: https://www.linkedin.com/in/samuel-hsu-97b0aa15a/

備註：加入後可以直接傳送履歷及詢問職缺的截圖給我，讓我快速了解你的背景，減少來回等候回覆的時間。我會盡快分享詳細公司資訊給您及後續推薦🙌🏻。
Samuel 是Cake主要專精軟體 Backend (後端語言 Java/.Net/Golang/Python, Data Engineer, Data Scientist, Data Analyst, ML/AI Engineer, DBA (MySQL/MSSQL/Oracle) 的獵才顧問，歡迎 Connect，
若您正在參考以上職能機會，可參考 Samuel 的蛋糕職報：https://forms.gle/n9Q5GxJWJ5R4yrUP8

蛇年🐍 超前部署 2025 後到職職缺搶先公佈🧞‍♂️蛇年搶頭香
精選職缺月報訂閱💸輕鬆填寫表單，訂閱連結中！🛎️ https://lnkd.in/gfA4JXy2",https://www.cake.me/companies/cake-recruitment-consulting/jobs/70f94d?locale=en,11 - 50 people,"12F., No. 287, Sec. 3, Nanjing E. Rd., Songshan Dist., Taipei City 105, Taiwan (R.O.C.)","🔥This is the Cake Recruitment Consulting official web page🔥Cake Recruitment Consulting - Executive Search, Contracting, EoR/Payroll
We offer a full range of services, including Executive Search, Contracting, and EoR/Payroll, to meet all your recruitment needs.
Our Special Advantages and Differentiation:
Professional Recruiter + Direct Sourcing - All consultants have industry experience. In addition to providing accurate talent search. E.g Identify relevant client’s competitors, and engage in comprehensive talent acquisition, building long-term relationships with candidates, and providing market information to clients.CakeResume AI + Martech Recruitment - By leveraging digital Martech technology and employer branding, the recruitment process is optimized. Through a database of millions of potential candidates who would not normally appear, the number of candidates reached is increased and speeds up the sourcing process to fill the talent gap.

About Cake Recruitment ConsultingCake is the Leading Asia talent platform. With over millions+ active resumes in our database and still it is increasing every day.
Currently more than 7,000+ clients are using our recruitment services.",https://www.cake.me/companies/cake-recruitment-consulting
BC - Product Line Director,iN Search 卓恩管理顧問有限公司,Recruitment,Management / Business,"COO, Chief Operation Officer",Full-time,"Executive (VP, GM, C-Level)","Taipei City, Taiwan",1,20 years of experience required,"3,500,000+ TWD / year",[],"Responsibilities｜
Collaborate with global VP of engineering, Senior hardware and firmware engineers, architects to deliver new generation products.In charge of ODMs and JDMs negotiations and collaborations.Collaborate with core members, PMs and suppliers to identify components for the purpose of Design for Cost including platforms, sensors, modules, and components.Build up SOPs to work smoothly with cross regions.Travel to APAC manufacturers and vendors to maintain partnerships quality.Manage full cycle of NPI to MP","Requirements｜
10+ years’ experience in hardware and firmware integration devices product and holding Electrical and Computer engineering master’s degree.Solid experience either in Robotics, IP camera, or ground robots products.Proven record in leading a 3 + members team and build up team from scratch.Had experience in live in EU or US or China is a huge plus.Great English communication skills.",https://www.cake.me/companies/insearch/jobs/bc-product-line-director?locale=en,1 - 10 people,台北市松山區敦化北路167號14樓,"iN Search卓恩管理顧問有限公司，為台灣精品級人力資源整合平台
專注人力招募、教育訓練和人力派遣等多元化服務。透過專業的獵頭顧問及完善的人才資料庫，以高效率的團隊合作，使客戶與求職者獲得最有效準確之趨勢與資訊，以創造出更優質的專業服務體驗。",https://www.cake.me/companies/insearch
BC - CTO (Software),iN Search 卓恩管理顧問有限公司,Recruitment,IT,"CTO, Chief Technology Officer",Full-time,"Executive (VP, GM, C-Level)","Taipei City, Taiwan",1,15 years of experience required,Negotiable,[],"Responsibilities｜
Enlighten engineers to deliver world class & client satisfied services and stay tune with new technologies in the world.Identify business needs through combination of user research, collecting client feedback from cross-functional teammates, diving into data, and competitive analysis.Collaborate with other executives to algin with broad members in business situations and deliver win-win solutions.Act as tech pioneer to build awareness and understanding to make global team growth.Redefine global engineering resources to help business growth.","Requirements｜
10+ years’ experience in software product and holding Electrical or Computer engineering master’s degree.Solid experience in SaaS, E-commerce, logistics or AI-driven products.Proven record in reshape team culture and build up team from scratch.Had experience in live in EU or US or China is a huge plus.Great English communication skills.",https://www.cake.me/companies/insearch/jobs/bc-cto-software?locale=en,1 - 10 people,台北市松山區敦化北路167號14樓,"iN Search卓恩管理顧問有限公司，為台灣精品級人力資源整合平台
專注人力招募、教育訓練和人力派遣等多元化服務。透過專業的獵頭顧問及完善的人才資料庫，以高效率的團隊合作，使客戶與求職者獲得最有效準確之趨勢與資訊，以創造出更優質的專業服務體驗。",https://www.cake.me/companies/insearch
CMO - 行銷長 - Business Development and Marketing,"ELKROOM CO., LTD.",Information Services,Marketing / Advertising,"CMO, Chief Marketing Officer",Volunteer,"Executive (VP, GM, C-Level)",Taiwan,1,4 years of experience required,1 TWD / piece rate,[],"OXO Gameplay is a pioneering platform combining AI-powered gaming highlight tools and community-building, dedicated to creating seamless gaming experiences. With over 7 million downloads and a newly developed desktop version in the pipeline, we are expanding rapidly to become the go-to solution for gaming enthusiasts globally.
We are seeking a Chief Marketing Officer (CMO) to lead business development and marketing strategies for our desktop product and drive growth for our mobile app. If you have a passion for gaming, technology, and innovative marketing, we’d love to hear from you!","Qualifications:
4+ years of experience in marketing, business development, or related roles, with at least 3 years in a leadership position.Proven success in B2B business development, especially in SaaS, gaming, or video editing industries.Strong knowledge of digital marketing tools, user acquisition strategies, and data analysis.Experience in app growth marketing, including ASO and user funnel optimization.Excellent communication skills in both English and Chinese.Passionate about gaming and knowledgeable about gaming communities and trends.
Preferred Qualifications:
Previous experience in launching and scaling desktop or mobile software products.Familiarity with gaming content creation, AI tools, or video editing software.A proven network in the gaming or tech industry.
============================================================
Business Development for Desktop Version
Develop and execute B2B marketing and partnership strategies for the desktop version of OXO Gameplay.Identify potential collaboration opportunities with video editing studios, gaming influencers, and professional gaming communities.Explore and negotiate partnerships with international companies to expand the desktop product’s reach.
Growth Marketing for Mobile App
Design and implement growth strategies to boost user acquisition, engagement, and retention for the mobile app.Analyze market trends, user feedback, and performance data to identify growth opportunities.Optimize app store marketing (ASO) strategies, including creative campaigns, copywriting, and keyword targeting.
Revenue Growth
Develop and execute comprehensive strategies to drive revenue growth across both mobile and desktop platforms.Optimize and scale subscription models, including pricing strategies, promotional campaigns, and user retention efforts.Identify and implement new advertising opportunities, including partnerships with advertisers and in-app ad placement optimization.",https://www.cake.me/companies/elkroom/jobs/cmo-business-development-and-marketing?locale=en,1 - 10 people,台北市松山區南京東路四段1號,"ELKROOM is a software company founded by a group of passionate gamers who grew up with games as an integral part of their lives. Inspired by our own journey, we aim to create a platform that grows alongside players, offering unforgettable gaming experiences and cherished memories. Whether it’s capturing epic moments or sharing the joy and stories of gaming, we are dedicated to providing a space where players can connect, celebrate, and relive the magic of gaming.",https://www.cake.me/companies/elkroom
數位產品UIUX設計 | 產品長,宇宙製造股份有限公司,Software,Design,UI/UX Design,Full-time,"Executive (VP, GM, C-Level)","Zhongli District, Taoyuan City, Taiwan 320",1,5 years of experience required,"35,000 ~ 50,000 TWD / month","['Photoshop', 'Word', 'PowerPoint']","此為核心成員創業夥伴招募，希望對新創創業、做數位產品有熱情熱血的夥伴一起加入，一起打造出符合使用者需求的產品，以及更多有趣創新的數位工具！特質需求：宇宙製造是一個喜歡從生活中探索、挖掘痛點，並不斷製作出創新數位產品的新創團隊，
目前團隊以教育科技為核心出發，我們發現教育環境還有非常多有待幫助改善的地方，希望透過我們自身數位科技的專業，創造出能夠幫助社會的數位產品，讓人們的生活更便利～
若你跟我們有一樣的願景，希望跟宇宙製造一樣充滿熱血的夥伴，一起來聊聊吧！
專業需求：
UIUX產品設計、可從使用者、環境痛點中挖掘需求，並轉化為產品功能，實踐設計出來！
* 薪資股份面議",UIUX產品設計、可從使用者、環境痛點中挖掘需求，並轉化為產品功能，實踐設計出來！,https://www.cake.me/companies/polakids/jobs/digital-visual-designer-video-designer?locale=en,1 - 10 people,新北市三重區重新路一段108號3樓  /  桃園市中壢區新中北路499號3樓,"以科技結合教育為核心
幫助改善教育環境，提供更便利的數位應用解方，指引教育環境走向更美好的旅程。
教育科技項目包含：AI Solly社交練習小夥伴、教養陪跑親子教育諮詢平台、Polakids親子教養APP、DISC兒童性格特質分析專利、波拉星大冒險兒童特質學習桌遊以及玩麥塊學程式線上線下課程等",https://www.cake.me/companies/polakids
資訊主管,好德科技股份有限公司,Electronics / Telecommunications,IT,"CIO, Chief Information Officer",Full-time,"Executive (VP, GM, C-Level)","Songshan District, Taipei City, Taiwan",1,5 years of experience required,"1,100,000 ~ 1,350,000 TWD / year","['ODBC', 'Oracle', 'Vmware']",1.公司系統維運，熟鼎新Tiptop GP與Easy Flow GP佳。2.使用者系統需求訪談、分析，並提出解決方案。3.Oracle資料庫維護與管理。4.資通安全政策制定及推動。5.資訊部門年度計畫制定、預算編列與執行。6.集團網路架構規劃。7.跨部門溝通協調。8. 具資安經驗。,"1.積極，有責任感2.資管部門管理五年以上經驗3.軟,硬體,系統規劃及管理經驗4.資安規劃及管理經驗",https://www.cake.me/companies/howteh/jobs/information-manager-e42d6b?locale=en,51 - 200 people,台北市松山區敦化南路一段25號6樓,"經營理念
以良『好』的品『德』立業
40多年來好德在電子資訊科技領域的經營歷程中，紿終以實踐『重信樂群』、『提高品質』及『服務顧客』之核心價值為理念，致力為高科技產業的客戶群提供最佳的服務。
『好德企業』於2000年更名為『好德科技』，更加突顯、強調在高技科產業中，好德於『供應鏈』扮演『價值傳動』(Value Trans-Motor)的重要角色。
過去，好德有效的整合上、下游產業的需求，在『通路』的舞台上展現亮麗的成績，亦為客戶創造豐碩的成果，不僅獲得客戶的認同，並得到所有客戶的信賴與支持；在好德工作伙伴的勤奮耕耘下，使業績持續成長，改寫歷史；也讓我們的品質系統得到國際認證，順利升級到ISO9001(2000年版)，並名列於天下雜誌服務業前五百大排名內。
除了以上三項的核心價值，好德正積極推動『創新與成長』的經營理念，運用各種新的作業技術流程（Technology Logistics）及不斷引進新產品，充分發揮整合力量，提供客戶完整的解決方案（Total Solution Provide），讓客戶在『商流、資訊流、金流』上無後顧之憂，儼然在供應鏈上成為趨勢的領先者。
放眼未來，好德要以『重信樂群』、『提高品質』、『服務顧客』、『創新成長』的經營理念，滿足客戶的需求，並以全球化的思維，預先提供能為客戶提升競爭力的服務及附加價值，成為客戶最堅強且最不可或缺的合作夥伴！企業文化
好德人守則
01
忠實
忠是工作意願、敬業精神的表現，實是誠實待人，實實在在做人
02
有禮
君子的風範：重視禮節，高雅的節操；親切有禮，樸實的外表
03
守信
做人處事守信為重，誠信正直
04
勤儉
勤是認真負責，儉是重視工作成果有成本觀念
05
堅忍
勇者的表率，堅強的毅力健康的人格，相忍為先團體為重好德公司特質",https://www.cake.me/companies/howteh
Tech Lead,Leader Tech,Cyber Security,IT,Software Engineer,Full-time,"Executive (VP, GM, C-Level)","Taipei, Taiwan",1,10 years of experience required,"200,000 ~ 300,000 TWD / month",[],"職缺測試，請勿應徵。This job posting is for testing, please do not apply.",,https://www.cake.me/companies/leader-tech/jobs/tech-lead-57e036?locale=en,5001 -  people,"Taiwán, 聖羅倫佐巴拉圭",Leader Tech. Inc,https://www.cake.me/companies/leader-tech
行銷開發人員(承攬關係) 有轉正機會,鴻穀企業社,Fine Art,Sales,Enterprise Sales,Part-time,"Executive (VP, GM, C-Level)",Taiwan,2,1 years of experience required,"3,000 ~ 50,000 TWD / piece rate",[],"職位描述： 我們正在尋找具有行銷開發技能，對於開發有熱忱的行銷人員，主要負責市場拓展、客戶開發和維護等。此職位提供轉正機會，表現優異者可成為全職員工。

工作內容：
•市場拓展：擴大公司產品的市場佔有率。
•客戶開發：尋找並吸引新的潛在客戶。
•客戶維護：保持與現有客戶的良好關係，並促進二次銷售。
•行銷活動：策劃並執行有效的行銷策略和活動。


必要技能：
•熟悉市場行銷及開發流程，具有相關經驗者優先。
•優秀的溝通能力，能夠與客戶建立和維持良好的關係。
•具備獨立工作和團隊合作能力，能夠適應靈活的工作時間。
•熟練使用辦公軟體。
•能提供行銷活動案例或相關作品


薪資結構：
•按項目計酬。
•外勤工作薪資將提前告知並確認意願。

加分項目：
•具備行銷、商務或相關專業背景。
•有品牌設計或藝術療癒手作相關領域經驗。
•具備創新思維，能提出新穎的行銷策略。

工作地點：可遠端工作，我們位於台中。

應徵與面試：
職務聯絡人：黃翊涵
聯絡Email：[email protected]
電洽：0976342769
視訊：透過 Google Meet、Zoom 等其他通訊軟體，進行線上面試



【關於我們】
Instagram：turnsun_design
網址：https://linkgoods.com/turnsundesign",,https://www.cake.me/companies/turnsundesign/jobs/476d32?locale=en,1 - 10 people,台灣台中市,"Turnsun 設計位於台灣台中市，是一家專注於提供藝術療癒手作服務的品牌。我們的使命是透過藝術創作和手作活動，幫助人們找到內心的平靜與快樂，提升生活品質。
我們的服務範圍廣泛，包括：企業包班：為精品品牌、企業單位、汽車品牌等提供定制化的活動和禮品服務。
品牌活動：協助企業進行新品推廣、週年慶活動，結合手作霓虹燈 DIY 或訂製精緻禮品。
各式手作：提供藝術創作、沉浸式體驗等手作活動，滿足個人或團體需求。
品牌訂製禮品：根據客戶需求，設計和製作獨特的品牌禮品。
品牌貴賓體驗活動：為品牌貴賓提供特別設計的藝術療癒活動。
派對裝飾租借霓虹燈服務：提供求婚告白、生日派對、週歲派對等活動的霓虹燈道具租借服務。
我們的主要客戶包括行銷公司、精品品牌、企業單位、學校機構、汽車品牌、酒店和飯店等。
我們的合作夥伴遍布各行各業，共同創造了許多成功的案例。
我們的價值觀
創意與創新：不斷追求創意與創新，為客戶提供獨特而有價值的服務。
專業與品質：以專業的態度和高品質的服務贏得客戶的信任與滿意。
關懷與分享：關注員工的成長與發展，並積極回饋社會，與大家分享我們的成功。
如果你對藝術療癒和手作活動充滿熱情，歡迎加入 Turnsun 設計的團隊，和我們一起成長與創新，為更多人帶來美好與快樂的生活體驗。",https://www.cake.me/companies/turnsundesign
廣告業務經理/主管,INNITY TAIWAN LIMITED,Advertising,Sales,Account Manager,Full-time,"Executive (VP, GM, C-Level)","Zhongzheng District, Taipei City, Taiwan 100",3,1 years of experience required,"30,000 ~ 50,000 TWD / month",[],主要職責:-- 負責公司產品的銷售和市場推廣工作，達成銷售目標;- 制定並執行銷售策略，實現收入目標並最大化利潤- 與客戶建立良好的業務關係，跟進客戶需求，並提供專業的產品解決方案;- 持續跟踪市場動態和競爭對手情況，提出市場營銷策略和改進建議;- 分析市場趨勢並保持行業發展的最新動態;- 參與銷售團隊的培訓和管理，提高銷售團隊的業務水平和績效。,職位需要:-- 出色的人際交往和溝通能力，能夠建立並維護與客戶和合作夥伴的關係。- 能夠制定並執行與公司目標一致的銷售策略。- 出色的分析和解決問題的能力。- 能夠在快節奏的環境下獨立工作和團隊合作。- 流利的普通話和其他語言的能力為佳。語文條件- 英文(聽:中等、說:中等、讀:中等、寫:中等)- 中文(聽:精通、說:精通、讀:精通、寫:精通),https://www.cake.me/companies/innity-taiwan-limited/jobs/advertising-business-manager-supervisor?locale=en,201 - 500 people,"2F, No.24, Beiping E. Rd., Zhongzheng Dist., Taipei City 100, Taiwan (R.O.C)","1999年成立的Innity，是馬來西亞上市公司，已在12個國家設立據點。主要提供數位媒體行銷服務以及數位技術平台解決方案。
Innity據點遍布整個亞太地區，包括馬來西亞，新加坡，印尼，泰國，越南，菲律賓和香港，目前正在擴大到區域內的其他國家。網絡覆蓋超過10,000個網站，其中包括主要的新聞媒體和各大類型的網站，劃分為超過16個内容頻道，如科技類，時尚生活，汽車類，商業類，娛樂類等等的網站。
Innity的網路行銷方案提供多功能的富媒體廣告格式和以成效爲主的行銷方式來迎合國際大品牌和廣告代理公司，並且提供了多種互動性的廣告形式和創新的廣告模式的組合。",https://www.cake.me/companies/innity-taiwan-limited
華語文線上教育平台(韓國/日本)市場營運主管,尚進教育訓練有限公司,51 - 200 people,Management / Business,Global Business Development Manager,Full-time,"Executive (VP, GM, C-Level)","Xitun District, Taichung City, Taiwan 407",1,5 years of experience required,"40,000 ~ 100,000 TWD / month",[],1.新創品牌經驗：有新創品牌經驗者優先，能夠善用資源，創新思維，推動平台在日本/韓國市場上的發展。2.挑戰性及成長性：營運初期具有挑戰性和成長性，需要有高度的熱情和決心，能夠適應變化，積極追求公司的發展。3.規劃目標：負責制定日本/韓國市場的營運計劃和年度專案規劃，確保公司的目標得以實現。4.數據分析：收集、分析和解讀日本/韓國市場的數據，包括市場趨勢、競爭對手和消費者需求等，以優化營銷策略。5.團隊管理：有效管理營運團隊，協調團隊成員的工作，確保團隊達成目標，並提供必要的培訓和支持。6.熟悉市場：了解日本/韓國市場和大眾消費習慣，拓展市場。7.語言能力：精通日本語/韓語和商業日/韓語，能夠流利地溝通和協商，具備良好的跨文化交流能力。,,https://www.cake.me/companies/scedu/jobs/694c6f?locale=en,"Taiwan, 台中市西屯區至善路250號2 樓",,"「尚進美日韓語」重視每一位員工的職涯發展，提供現代化的辦公室與設備，讓員工在身心靈豐富的狀態下，創造出更好的工作成效。我們提供夥伴最多的優渥福利、給學員最好的教學品質，歡迎對外語學習產業有興趣的夥伴加入，一同創造雙贏的外語學習品牌。

我們提供了最人性化的產品服務，期望能成為台灣最具影響力且獨具一格之外語學習品牌，並達成雙語國家、人人都能說外語的願景。
打破學習者對學外語的恐懼提供明確完整合適學習方向大幅提升對外語學習的熱情讓您開口學外語變得更有趣",https://www.cake.me/companies/scedu
不動產營業員，無經驗可，保底+津貼,住商三民後驛加盟店,Marketing / Communications,Logistics / Trade,Supply Chain Manager,Full-time,"Executive (VP, GM, C-Level)","Sanmin District, Kaohsiung City, Taiwan 807",1,No requirement for relevant working experience,"26,400 TWD / month","['Word', 'Excel']","住商不動產-三民後驛店不論您是否有房地產經驗 我們將非常歡迎您加入我們的大家庭 
不用害怕沒經驗,只要肯學,沒什麼不可以的 
積極不懈的精神下,創造更好的收入,我們將輔助您能達到好的成績。 
工作內容     
1.無房仲相關經驗可。
2.二度就業或轉換跑道者皆可 。
3.具挑戰的企圖心/對房仲業具工作熱忱。 
4.願意主動學習。 
5.具備服務特質佳。 
6.歡迎同業加入。 
7.業務新手專人輔導。 
8.強力募集業務高手 。
選對『行業』是踏出成功的第一步 。
選對『公司』真正讓你實現夢想。
房仲業之所以吸引許多人爭相加入，除了工作帶來的成就感，另外個人收入亦是一大亮點，創造事業的高峰讓人趨之若鶩，成就一生的機會要您自己掌握。","個人特質
需具備良好的溝通能力、能獨立作業也能與團隊並肩攜手合作
能用不同角色、角度分析事件，並勇於挑戰難題
個性主動積極、有耐心並樂觀，對待客戶能有效率解決問題",https://www.cake.me/companies/hbhousing-web-d175/jobs/9b3509?locale=en,11 - 50 people,台灣高雄市三民區博愛一路135號,"住商不動產-三民後驛加盟店-大疆不動產仲介經紀有限公司
深耕台灣，放眼全球的優質房仲品牌，為房仲業新勢力、掌握趨勢、開創新紀元、一步一腳印邁向成為在地大品牌 !
住商不動產-三民後驛加盟店-大疆不動產仲介經紀有限公司
企業文化「熱愛學習，參與公益，淨化心靈」為高雄房仲業新勢力！
住商不動產-三民後驛加盟店-大疆不動產仲介經紀有限公司
快速提供行政業務支援及各項專業諮包含不動產買賣、租賃、節稅規劃、不動產履約保證，法拍屋代標售、不動產理財投資，目前更跨足土地開發、總體營建計劃開發案 !
「使客戶滿意」，道盡了本店長久以來的努力與決心，雖然只有短短五個字，但為了這五個字，我們卻是一步步的腳踏實地前進，為有深耕基礎，才能築起
萬丈高樓，一根彎的越低垂的稻草桿，所結的稻穗也就越飽滿。
「住商不動產-三民後驛加盟店」了解您的心，秉持五大信念:
1.熱心服務－以熱情、用心的服務態度，讓客戶得到最大的滿意。
2.深耕社區－在地經營、在地生根，為社區服務，耕耘社區。
3.誠信專業－誠信原則、專業素養，求取交易圓滿喜悅。
4.共享資源－與同業共創利益、共享資源，以爭取三贏。
5.共同成長－深耕大高雄，與大高雄發展共同成長。
經營理念
二、企業願景(五大目標)
● 建立高雄區店頭市佔率目標
● 永續經營，開枝散葉，建立企業良好口碑
● 共創雙贏之協同合作，維繫合作伙伴之關係
● 打造舒適完善之作業空間，給予員工最適時之資源協助
● 建立水平式階級之企業文化，廣納、聆聽員工之意見
三、我們的特色(五大理念)
● 擁有專業之教育訓練活動課程
● 擁有公平公正公開之完善制度
● 擁有一套簡易且便捷的房管資訊系統
● 提供客製化的服務，以滿足不同客戶之需求
● 提供客戶最即時且最完善之購屋資訊
主要商品 / 服務項目
不動產房屋買賣-不動產仲介-租賃-商用不動產-地政士(代書)業務
你還在努力的付出人力嗎?
努力的付出人力，卻是讓你不停的換工作？
人才是為自己的事業打拼，
然而專業和精準是人才的重要條件，
人力是隨處可得，人才卻是需要被發掘培育的，
加入我們，
我們可以發掘你的才能，
走進我們的行列，
你才有可能享受年薪百萬，
無經驗、無背景皆可，
只要你有一顆誠摯的心，和忠誠服務客戶的心，
歡迎您加入住商不動產-三民後驛加盟店。",https://www.cake.me/companies/hbhousing-web-d175
轉職首選、房仲業務專員、二度就業,住商三民後驛加盟店,Marketing / Communications,Logistics / Trade,Supply Chain Manager,Full-time,"Executive (VP, GM, C-Level)","Sanmin District, Kaohsiung City, Taiwan 807",1,No requirement for relevant working experience,"26,400 TWD / month","['Word', 'Excel', 'Microsoft Office']","大疆不動產仲介有限公司-黃鎂玉經理
不論您是否有房地產經驗 我們將非常歡迎您加入我們的大家庭 
不用害怕沒經驗,只要肯學,沒什麼不可以的 
積極不懈的精神下,創造更好的收入,我們將輔助您能達到好的成績。
工作內容
1. 完整教育訓練~培訓考取專業證照。  
2.提供客戶資料~可讓新人有客戶來源。 
3.開發、拜訪客戶並針對客源進行電話行銷。
4.熟悉銷售之產品、協助客戶瞭解銷售內容 。
5.提供客戶專業的房地諮詢，透過電腦雲端平台協助客戶配對合適房屋。  

#Line_ 客服妹_親
 https://hbz.page.link/jJXH
#徵的就是你 _ 菁英看過來
 https://hbz.page.link/6KwD
#住商官網 _ 區域找房_按我
 https://hbz.page.link/1ocb
#最新好物 _ 首推FB_親
 https://hbz.page.link/sKx5
#高雄市三民區博愛一路135號
 https://hbz.page.link/ks4i","房仲業之所以吸引許多人爭相加入，除了工作帶來的成就感，另外個人收入亦是一大亮點，創造事業的高峰讓人趨之若鶩，成就一生的機會要您自己掌握。
1.無房仲相關經驗可。
2.二度就業或轉換跑道者皆可 。
3.具挑戰的企圖心/對房仲業具工作熱忱。
4.願意主動學習。
5.具備服務特質佳。
6.歡迎同業加入。
7.業務新手專人輔導。
8.強力募集業務高手 。
選對『行業』是踏出成功的第一步 。
選對『公司』真正讓你實現夢想。",https://www.cake.me/companies/hbhousing-web-d175/jobs/ce5d60?locale=en,11 - 50 people,台灣高雄市三民區博愛一路135號,"住商不動產-三民後驛加盟店-大疆不動產仲介經紀有限公司
深耕台灣，放眼全球的優質房仲品牌，為房仲業新勢力、掌握趨勢、開創新紀元、一步一腳印邁向成為在地大品牌 !
住商不動產-三民後驛加盟店-大疆不動產仲介經紀有限公司
企業文化「熱愛學習，參與公益，淨化心靈」為高雄房仲業新勢力！
住商不動產-三民後驛加盟店-大疆不動產仲介經紀有限公司
快速提供行政業務支援及各項專業諮包含不動產買賣、租賃、節稅規劃、不動產履約保證，法拍屋代標售、不動產理財投資，目前更跨足土地開發、總體營建計劃開發案 !
「使客戶滿意」，道盡了本店長久以來的努力與決心，雖然只有短短五個字，但為了這五個字，我們卻是一步步的腳踏實地前進，為有深耕基礎，才能築起
萬丈高樓，一根彎的越低垂的稻草桿，所結的稻穗也就越飽滿。
「住商不動產-三民後驛加盟店」了解您的心，秉持五大信念:
1.熱心服務－以熱情、用心的服務態度，讓客戶得到最大的滿意。
2.深耕社區－在地經營、在地生根，為社區服務，耕耘社區。
3.誠信專業－誠信原則、專業素養，求取交易圓滿喜悅。
4.共享資源－與同業共創利益、共享資源，以爭取三贏。
5.共同成長－深耕大高雄，與大高雄發展共同成長。
經營理念
二、企業願景(五大目標)
● 建立高雄區店頭市佔率目標
● 永續經營，開枝散葉，建立企業良好口碑
● 共創雙贏之協同合作，維繫合作伙伴之關係
● 打造舒適完善之作業空間，給予員工最適時之資源協助
● 建立水平式階級之企業文化，廣納、聆聽員工之意見
三、我們的特色(五大理念)
● 擁有專業之教育訓練活動課程
● 擁有公平公正公開之完善制度
● 擁有一套簡易且便捷的房管資訊系統
● 提供客製化的服務，以滿足不同客戶之需求
● 提供客戶最即時且最完善之購屋資訊
主要商品 / 服務項目
不動產房屋買賣-不動產仲介-租賃-商用不動產-地政士(代書)業務
你還在努力的付出人力嗎?
努力的付出人力，卻是讓你不停的換工作？
人才是為自己的事業打拼，
然而專業和精準是人才的重要條件，
人力是隨處可得，人才卻是需要被發掘培育的，
加入我們，
我們可以發掘你的才能，
走進我們的行列，
你才有可能享受年薪百萬，
無經驗、無背景皆可，
只要你有一顆誠摯的心，和忠誠服務客戶的心，
歡迎您加入住商不動產-三民後驛加盟店。",https://www.cake.me/companies/hbhousing-web-d175
房屋仲介開發行銷專員~專人培訓,住商三民後驛加盟店,Marketing / Communications,Logistics / Trade,Supply Chain Manager,Full-time,"Executive (VP, GM, C-Level)","Sanmin District, Kaohsiung City, Taiwan 807",1,No requirement for relevant working experience,"26,400 TWD / month","['Word', 'Microsoft Office', 'Excel']","大疆不動產仲介有限公司-黃鎂玉經理
不論您是否有房地產經驗 我們將非常歡迎您加入我們的大家庭 
不用害怕沒經驗,只要肯學,沒什麼不可以的 
積極不懈的精神下,創造更好的收入,我們將輔助您能達到好的成績。
工作內容
1. 完整教育訓練~培訓考取專業證照。  
2.提供客戶資料~可讓新人有客戶來源。 
3.開發、拜訪客戶並針對客源進行電話行銷。
4.熟悉銷售之產品、協助客戶瞭解銷售內容 。
5.提供客戶專業的房地諮詢，透過電腦雲端平台協助客戶配對合適房屋。  

#Line_ 客服妹_親
 https://hbz.page.link/jJXH
#徵的就是你 _ 菁英看過來
 https://hbz.page.link/6KwD
#住商官網 _ 區域找房_按我
 https://hbz.page.link/1ocb
#最新好物 _ 首推FB_親
 https://hbz.page.link/sKx5
#高雄市三民區博愛一路135號
 https://hbz.page.link/ks4i","房仲業之所以吸引許多人爭相加入，除了工作帶來的成就感，另外個人收入亦是一大亮點，創造事業的高峰讓人趨之若鶩，成就一生的機會要您自己掌握。
1.無房仲相關經驗可。
2.二度就業或轉換跑道者皆可 。
3.具挑戰的企圖心/對房仲業具工作熱忱。
4.願意主動學習。
5.具備服務特質佳。
6.歡迎同業加入。
7.業務新手專人輔導。
8.強力募集業務高手 。
選對『行業』是踏出成功的第一步 。
選對『公司』真正讓你實現夢想。",https://www.cake.me/companies/hbhousing-web-d175/jobs/827176?locale=en,11 - 50 people,台灣高雄市三民區博愛一路135號,"住商不動產-三民後驛加盟店-大疆不動產仲介經紀有限公司
深耕台灣，放眼全球的優質房仲品牌，為房仲業新勢力、掌握趨勢、開創新紀元、一步一腳印邁向成為在地大品牌 !
住商不動產-三民後驛加盟店-大疆不動產仲介經紀有限公司
企業文化「熱愛學習，參與公益，淨化心靈」為高雄房仲業新勢力！
住商不動產-三民後驛加盟店-大疆不動產仲介經紀有限公司
快速提供行政業務支援及各項專業諮包含不動產買賣、租賃、節稅規劃、不動產履約保證，法拍屋代標售、不動產理財投資，目前更跨足土地開發、總體營建計劃開發案 !
「使客戶滿意」，道盡了本店長久以來的努力與決心，雖然只有短短五個字，但為了這五個字，我們卻是一步步的腳踏實地前進，為有深耕基礎，才能築起
萬丈高樓，一根彎的越低垂的稻草桿，所結的稻穗也就越飽滿。
「住商不動產-三民後驛加盟店」了解您的心，秉持五大信念:
1.熱心服務－以熱情、用心的服務態度，讓客戶得到最大的滿意。
2.深耕社區－在地經營、在地生根，為社區服務，耕耘社區。
3.誠信專業－誠信原則、專業素養，求取交易圓滿喜悅。
4.共享資源－與同業共創利益、共享資源，以爭取三贏。
5.共同成長－深耕大高雄，與大高雄發展共同成長。
經營理念
二、企業願景(五大目標)
● 建立高雄區店頭市佔率目標
● 永續經營，開枝散葉，建立企業良好口碑
● 共創雙贏之協同合作，維繫合作伙伴之關係
● 打造舒適完善之作業空間，給予員工最適時之資源協助
● 建立水平式階級之企業文化，廣納、聆聽員工之意見
三、我們的特色(五大理念)
● 擁有專業之教育訓練活動課程
● 擁有公平公正公開之完善制度
● 擁有一套簡易且便捷的房管資訊系統
● 提供客製化的服務，以滿足不同客戶之需求
● 提供客戶最即時且最完善之購屋資訊
主要商品 / 服務項目
不動產房屋買賣-不動產仲介-租賃-商用不動產-地政士(代書)業務
你還在努力的付出人力嗎?
努力的付出人力，卻是讓你不停的換工作？
人才是為自己的事業打拼，
然而專業和精準是人才的重要條件，
人力是隨處可得，人才卻是需要被發掘培育的，
加入我們，
我們可以發掘你的才能，
走進我們的行列，
你才有可能享受年薪百萬，
無經驗、無背景皆可，
只要你有一顆誠摯的心，和忠誠服務客戶的心，
歡迎您加入住商不動產-三民後驛加盟店。",https://www.cake.me/companies/hbhousing-web-d175
專案經理/專案主管,悅慶資訊有限公司,Software,IT,Technical Manager,Full-time,"Executive (VP, GM, C-Level)","Zhongshan District, Taipei City, Taiwan 10491",2,"60,000 ~ 100,000 TWD / month",Managing 5-10 staff,[],工作內容 :1. 負責管理專案開發流程，擬定專案範疇、規劃時程、協調驗收。2. 確保專案符合成本、品質、規格目標。3. 與客戶維繫良好溝通管道，將客戶需求轉換為專案開發目標。4. 負責協調專案人力，分派專案任務與提供資源協助。5. 專案風險控管，監控專案進度(SPI、CPI)，問題追蹤及彙整分析。,1. 具備1年以上專案管理經驗2. 具備責任心和使命感，熱愛團隊管理工作3. 有領導力和執行力，能有效組織團隊達成專案目標4. 擁有良好的溝通協調能力，善於歸納與掌握客戶需求,https://www.cake.me/companies/macnetdesign/jobs/project-manager-project-supervisor?locale=en,51 - 200 people,台北市松山區南京東路五段16號11樓之三,"悅慶資訊成立於西元1998年，早期業務以電腦軟硬體、系統整合為主，為公司的未來打下堅強的基礎，後期更將服務延伸至軟體開發、網頁開發、企業產品開發、資訊管理專業顧問等服務。除了原本的主要客群，金融、產險、壽險以及其他公部門外，服務領域更擴大至電商平台、醫療系統、科技產業等等大型企業。
我們是一個年輕具有活力的團隊。上班時喜歡互相討論、腦力激盪解決問題，下班後一起打屁聊天、打球運動、喝酒聚餐。
公司採用開放的管理風格，讓每位擅於自我管理的同仁可以自由發揮、表達自我意見，我們期許在悅慶的每位同仁都能夠充分展現自我，創造出對客戶、公司以及自我的價值。
歡迎所有具有挑戰和創新精神的人才加入。",https://www.cake.me/companies/macnetdesign
工地主任,昌禾開發建設股份有限公司,Building / Public Works,Construction,Construction Manager,Full-time,"Executive (VP, GM, C-Level)","Hsinchu, Hsinchu City, Taiwan",10,"30,000 ~ 50,000 TWD / month",Managing 5-10 staff,[],1.分項工程現場指揮與督導。2.分項工程估驗計價。3.預先檢查分包商廠商施工前之準備工作。4.具有進度表編排能力，對工程施工進度能確實追蹤與掌控。5.負責現場管理，進度掌握，工班協調．人力及機械安排。6.施工管理、預算管控並處理突發事件。7.施工品質之查驗及督導。,1.建設公司或營造廠工務主管3年以上經驗尤佳。2.具勞安．工地主任證照者尤佳。3.自備交通工具。,https://www.cake.me/companies/ch-arch/jobs/site-director-3696fd?locale=en,51 - 200 people,新竹市北區中正路107號9F之7,"本公司成立於97年，負責人為楊勝翔（為昌益事業群延伸公司），主要發展方向為集合住宅開發興建及銷售，分公司１家。歡迎一同加入本公司行列！
經營理念
本持誠信服務品質及創新之性念提供購屋大眾一可靠優質之住宅",https://www.cake.me/companies/ch-arch
經營管理主管,華成自動化設備股份有限公司,Electronics / Telecommunications,Management / Business,Organization Management,Full-time,"Executive (VP, GM, C-Level)",1,"60,000 ~ 100,000 TWD / month",Managing 15+ staff,,[],"華成自動化設備隸屬於PSA華科事業群，主要提供自動化技術服務、自動化開發設計及各類生產設備製造銷售。
【職務描述】
1. 負責公司營運績效分析及改善
2. 研擬營運計劃及年度專案規劃3. 控制預算及成本支出，確保公司營運穩定成長
4. 規劃及改善公司制度以符合經營管理需求
5. 追蹤並監督各部門工作進度，確保專案準時完成
6. 需具備良好英文溝通能力7. 有自動化設備業經驗

【員工福利】1. 國內外旅遊/旅遊補助
2. 部門聚餐/電影觀賞
3. 員工紅利/年終獎金/三節獎金及禮品
4. 結婚禮金/生育津貼
5. 急難補助
6. 伙食津貼/員工團體保險
【公司制度】1. 年終(績效)獎金：視個人工作績效評核
2. 盈餘分紅：視年度營運狀況及個人績效評核
3. 團保：壽險、意外險、醫療險、眷屬團險
4. 旅遊：國內外旅遊/補助
5. 福利措施：生日禮券、員工婚喪/生育補助、三節禮券(禮品)、電影票及知名餐券發送、特約商店等
6. 廠內設有員工汽車、機車停車場
7. 每年員工精緻完整健康檢查","工作經歷：10年以上
學歷要求：專科、大學、碩士
科系要求：電子電機相關、機械工程相關、商業及管理學科類、工程學科類
語文條件：英文 -- 聽 /中等、說 /中等、讀 /中等、寫 /中等
擅長工具：Excel、Outlook、PowerPoint、Word、AutoCAD、PLC
具備駕照：輕型機車、普通重型機車、普通小型車
其他條件：(1)具10年以上營運管理經驗。 (2)可配合國內外出差。",https://www.cake.me/companies/hwachen-auto/jobs/operations-management-supervisor?locale=en,11 - 50 people,高雄市前鎮區東十街一號一樓,華成自動化設備隸屬於PSA華科事業群，主要提供自動化技術服務、自動化開發設計及各類生產設備製造銷售，致力於智慧型生產與客製化服務。隨著趨勢走入工業4.0階段，華成也積極發展應用技術跟進產業需求，以開放的視野鼓勵員工創新，開發出使生產更便利更迅速的設備，站穩台灣放眼國際。,https://www.cake.me/companies/hwachen-auto
Project Manager專案與推廣經理,社團法人台灣聯合動物公園協會,NGO,Media / Communication,Project Management,Full-time,"Executive (VP, GM, C-Level)",1,"30,000 ~ 35,000 TWD / month",Managing 1-5 staff,Project Manager專案與推廣經理,"['Project Manager', '專案與推廣經理']","【工作內容】對於動保議題長期關注，擅長與人溝通協調，策略規劃，執行能力。
負責管理協會三大專案，拓展友善商店之合作,教育推廣中心2021年度任務,包含動保微電影拍攝,動保行動藝術:人類市集,與海外藝術家洽談年度動保行動藝術之合作案。與香港,印尼當地NGO進行交流,考察，並完成祕書長交付之事項。 
-確保聯合動物公園協會在台灣品牌能見度(網路、媒體、其他)。
-充份掌握並理解台灣聯合動物公園三大議題，
  -管理專案進度，確保三大專案能有效執行。 
 

-  邀請市民參與協會行動藝術者。並提供傳播策略，透過媒體與網路進行推廣

【工作地點】· 台北市萬華區辦公室【工作時間】· 10：00-17：00，工作7小時＋午休1小時· 周休二日，紅字就休【薪資】· 月薪：35000元· 全勤獎金
【註】1. 協會內有會貓，若怕貓或對貓過敏者請斟酌。2. 我們將非常用心地進行人才面試工作，更期待應徵者事前先認識台灣聯合動物公園協會.台灣聯合動物公園協會
.教育推廣中心
.動物公園貓咪農場建立

◆ 福利/獎勵 / 三節禮品
1.基本勞保,健保,勞退2.年度獎勵3.三節禮金/禮品4.交通輔助5.出勤獎勵6.進修課程補助◆ 協會文化1.注重溝通協調,多元及人性化管理2.升遷管道透明3.完整培訓制度及教育訓練◆ 請 / 休假制度1. 周休2日2. 特休3. 生日假4. 女性生理假5.國定假日◆ 娛樂休息1.年度晚宴2.戶外登山,走訪大自然,海邊3.每季聚餐4.運動時間:腳踏車,跑步,足球等等5.出差至外縣市6.表現良好之員工:香港,印尼NGO參訪協會官方網站http://www.animalspark.org.tw台內團字第1070023891號法院登記簿：第148冊第49頁第3157號台灣聯合動物公園協會本會成立的宗旨即在於宣導尊重生命及愛護動物的觀念，督促政府以人道方式解決流浪動物造成的社會及環境問題，提升台灣國際形象，使動物免於流浪及虐待，直到街上沒有流浪動物為止。協會三大議題包含1教育推廣計畫2收容所及愛媽狗園問題3動物公園收容教育中心建立為了完成協會三大議題，我們一路堅持三大信念：乾淨：財政透明清楚獨立，不含任何政治色彩，維持公平、公正；溫馨：面對毛小孩們及支持我們的民眾，甚至所有的人，永遠保持最溫暖的心，用愛去關懷整個社會；低調：我們從來不刻意曝光，不刻意追求知名度，販賣同情，有沒有人知道我們，其實並不重要，我們更在乎的事，有沒有把動保這個事情做好，有沒有更多人知道動保這個事情，是我們協會更在乎的事。","-團隊管理經驗。
-願意配合出差。
-具備媒體網路及公關公司經驗。
-具備海外工作經驗者佳 
-具備中英文溝通及閱讀能力。",https://www.cake.me/companies/Tuapa/jobs/7ba160?locale=en,1 - 10 people,台北市萬華區德昌街208號1樓,"協會緣起： 於2013年間由古亭社區愛貓人士組成臉書粉絲團 「貓腳印中途之家 」期間粉絲團參與了認養/送養會，收容所支援，街頭宣導教育， 每一次的活動都讓我們心中有著滿滿的愛, 隨著團員搬離社區，粉絲團逐漸解散，心中滿是遺憾， 但對於愛貓,愛狗甚至愛護動物的心情，完全沒有減少過。我們於2017年八月召集30名過去粉絲團的好友們，一起發起成立「台灣聯合動物公園協會」，一路上歷經波折，最後我們在 2018年3月24日合法立案。
台灣聯合動物公園協會本會成立的宗旨即在於宣導尊重生命及愛護動物的觀念，督促政府以人道方式解決流浪動物造成的社會及環境問題，提升台灣國際形象，使動物免於流浪及虐待，直到街上沒有流浪動物為止。協會三大議題包含1.教育推廣中心 2.動物公園貓咪農場建立 3.收容所及愛媽狗園問題為了完成協會三大議題，我們一路堅持三大信念：乾淨：財政透明清楚獨立，不含任何政治色彩，維持公平、公正；溫馨：面對毛小孩們及支持我們的民眾，甚至所有的人，永遠保持最溫暖的心，用愛去關懷整個社會；低調：我們從來不刻意曝光，不刻意追求知名度，販賣同情，有沒有人知道我們，其實並不重要，我們更在乎的是，有沒有把動保這個事情做好，有沒有更多人知道動保這個事情，是我們協會更在乎的事。
台內團字第1070023891號法院登記簿：第148冊第49頁第3157號",https://www.cake.me/companies/Tuapa
資深軟體工程師 Senior Software Engineer,晶絡科技股份有限公司,Software,IT,Research / R&D,Full-time,"Executive (VP, GM, C-Level)",2,"60,000 ~ 120,000 TWD / month",C++CLinux,Personal Invitation Link,"['C++', 'C', 'Linux']","1. 負責軟體之分析、設計以及程式撰寫。2. 規劃執行軟體架構及模組之設計，並控管軟體設計進度。3. 進行軟體之測試與修改。4. 規劃、執行與維護量產的產品。5. 協助研發軟體新技術與新工具。6. 熟 LINUX 作業系統 與 C 語言佳。7. 熟 WIFI BLE 或網路驅動程式 佳。8. 熟 PLC 網路拓樸程式 佳。9. 面對程式問題與挑戰時，具有信心與能力解決問題的野心並且展現強烈團隊合作的精神。1. Responsible for software analysis, design, and program writing2. Planning and execution of software & module design; software design progress control3. Software testing & modification4. Plan, execute, and maintain products in mass-production.5. Assist in the development of new software technologies and tools.6. Experience with LINUX operating systems and C programming language.7. Experience with Wi-Fi, Bluetooth Low Energy, or network drivers.8. Experience with PLC network Topology development.9. Ambitious, interest and ability to solve problems, and a strong sense of teamwork","LinuxGithubCC++TCLBridgesiptablesLANTCP/IPWLAN* Bachelor's degree in Computer Science, related technical field, or equivalent practicalexperience.* 5 years of relevant work experience in system software development (e.g., kernel, device drivers, firmware, software that manages kernels, machines, or devices).* Experience with developer operations, release management, and integration testing.* Experience with open source development.* Experience with wireless protocols, plc network topology, writing and debugging system software (e.g., kernel, device drivers, firmware), and embedded systems.",https://www.cake.me/companies/akiranet/jobs/senior-software-engineer-08885a?locale=en,11 - 50 people,南京西路62號14樓,"Headquartered in Taipei, Taiwan, AkiraNET is a virtualized fabless chipmaker specializing in software-defined radio chipset solutions.
We are currently developing finished-goods reference designs for Wi-Fi 6E mesh network and IoT MIMO antenna products to help transform the home networking market.
We invite forward-looking, results-oriented professionals to apply for our open positions and help support our expansion.",https://www.cake.me/companies/akiranet
品牌顧問,四囍國際時尚流行有限公司,11 - 50 people,Customer Service,Visual Merchandiser,Full-time,"Executive (VP, GM, C-Level)",1,"30,000 ~ 70,000 TWD / month",,Personal Invitation Link,[],1.品牌定位2.品牌策略3.品牌行銷4.品牌設計(吊牌、LOGO、周邊),懂營運、懂市場、懂設計、懂預算、懂行銷,https://www.cake.me/companies/7sevengirls/jobs/brand-consultant?locale=en,桃園市大溪區仁善街108-3號,,四囍致力於25-45歲的都會女性提供簡潔.內涵.時尚.精致.風格的服飾。我們有著國際視野的開發團隊.所生産的商品與國際品牌三宅一生.CHANEL等相同的生產團隊.我們堅持著完美的品質。對於市場的變化.和成熟的消費者.我們對市場審視和分析以高度感性及高品質的産品走平價的路線強化設計及品質的優勢。而面對市場的亂象我們依然挑戰著市場提供平價及舒適的布料堅持提供城市新貴簡潔.內涵.精致的時尚的選擇。最後請給我們支持和鼓勵.我們會做的更好！,https://www.cake.me/companies/7sevengirls
軟體研發設計資深工程師(ACS),Altek 華晶科技,Semiconductor,IT,Other,Full-time,"Executive (VP, GM, C-Level)",3,"60,000+ TWD / month",IoTEmbeddedRTOS,Personal Invitation Link,"['IoT', 'Embedded', 'RTOS']",IoT and Home Security Products software.Use C language on RTOS/embedded linux platform to connect cloud and develop the AI related video applicatio on IoT and Home security product.,"Programming experience in C/C++ with Debugging ExperienceEmbedded Linux programming skill is a mustRTOS programming skill is a plusAt least 5+ years of working experience in embedded system software developmentIP camera product experience is preferredCloud Experience is Preferred. AWS,Alibabacloud,webRTCmqtt,KVS..etcVideo related experience is preferred.(H.264,AAC,RTP,RTMP,RTSP...)Android App or iOS app develop experienced is a plus",https://www.cake.me/companies/altek_taiwan/jobs/9464f1?locale=en,501 - 1000 people,新竹市新竹科學園區力行路12號,"Altek Corporation was established in 1996, with corporate executive officer Alex Hsia joining force with renowned corporation and major bank. From day one, Altek strived to achieve excellence in the R&D and manufacture of digital camera. At one point, Altek Corporation became one of the world’s top DSC ODM (Original Design Manufacturer) of the world. In the recent years, Altek expanded into the smartphone imaging, medical Imaging, autotronic Imaging, and other new businesses. Over the years, Altek demonstrated its ability as an entrepreneur solution provider for various imaging technologies, as to fulfill its corporate motto: “To deliver innovated imaging solution to help people for a better life.” Year 2013 is the year of transformation for Altek corporation, where businesses in emerging new technologies have achieved fifty-percent of total corporate earnings.

--
1996年，夏汝文總經理結合國內知名企業集團與知名銀行，在台灣成立了華晶科技股份有限公司。草創之初，華晶科技專注於數位相機(DSC)產品的研發與製造，經過十餘年的戮力經營與發展，一度成為全球最大數位相機設計與製造大廠。近年，華晶科技更陸續投入手機影像市場、汽車工業、醫療電子以及其他數位影像的新興應用市場，致力提供創新且多元的影像解決方案，使人們不僅能擁有美好回憶，也能擁有美好的生活。2013年，是華晶科技的轉型元年，在新興數位影像應用市場的營收比重已達50%以上。
華晶科技是數位影像的專家，將不斷地自我超越，於數位相機、手機影像市場、汽車工業、以及醫療電子各領域，亦將持續提供專業影像解決方案，為人們帶來更美好的生活。未來，華晶科技將藉由創新的產品思惟，把數位影像與多元的應用結合，成為更使用者導向、更趨勢導向的數位影像解決方案供應商。
過去十餘年來，華晶科技已經成功站上全球數位相機一線大廠之列。而接下來，華晶科技與集團子公司將憑藉著在數位影像上的專業能力，跨入更多元的領域，繼續致力於造福人群的技術與產品，並為股東、為社會創造更大的價值。",https://www.cake.me/companies/altek_taiwan
Unreal與Unity 3D軟體遊戲開發工程師：矽谷新創公司在台灣建立技術團隊,萬達人工智慧科技股份有限公司,1 - 10 people,Game Production,Unity Game Developer,Full-time,"Executive (VP, GM, C-Level)",1,"60,000 ~ 80,000 TWD / month",UrealUnity 3D,Personal Invitation Link,"['Ureal', 'Unity 3D']","【公司名稱】
矽谷新創公司The Grail VR 在台灣尋找AR/VR軟體開發工程主管與創業伙伴
The Grail VR為專業設計製作AR/VR/MR開發的公司，官方網站請參考：
https://thegrailvr.com
我們使用Magic Leap One眼鏡/HTC VIVE/手機，已經上線的遊戲產品請參考Youtube：
https://www.youtube.com/channel/UCWSlYiFdGgjGFOU8JDb26hw
【公司地址】
No. 511, Fremont Street, Suite 707, San Francisco, CA 94105, USA
【上班地點】
新北市中和區中正路866之6號9樓【工作內容】
以Unreal /C++，開發新的中文,日文及英文版MR/AR/VR平台及產品
構建最先進的混合實境及擴增實境方案，例如用於Magic Leap, HTC Vive及手機
開發及支援高品質、可靠度高的互動性應用
配合團隊提供數位資產、工作流程及研發的最佳實施架構
對於專案設計流程及工具提出建議及改善方案
參與創意性腦力激盪討論，開發創新的VR/AR體驗
對於如何構建有效率的產品製作流程提出建議與經驗
能夠與產業當中最新趨勢同步，並可提出技術創新想法
能夠與不同功能團隊配合工作，確保進行的專案能夠及時完成
【工作態度】
能夠保持彈性及高度意願來研習專案所需要的新技術
能夠成功地扮演好做為開發團隊的一份子
優質的溝通技巧與能力
能夠自我激勵，並且是良好的溝通角色及團隊成員
具備將概念設計轉化成高品質的互動方案的能力
能夠深入研究複雜的系統，並迅速得到結論
對於學習新觀念與技術保持高度進取的態度
具備動機與能力能夠獨立進行工作
具備良好的組織能力與解決問題技巧，對於細節能夠保持關注
具有軟體版本控制的經驗","【技術專長】資訊科學或相關科系大學及以上學歷Unreal 三年以上開發經驗，如果是開發遊戲更佳3D 繪圖引擎使用經驗，例如Unity 3D, Unreal, CryEngine等有使用任何下列平台的遊戲開發(AR/VR)，以及完整工作流程的經驗，包括ARKit, ARCore , HTC Vive, Oculus Rift, HTC Vive, Mobile IOS/Android具備撰寫、產生及遵循專案開發規格的能力，並且準確及有效率地完成具備使用第三方API, SDK, Plug-in的豐富經驗具有最新繪圖API的經驗手機遊戲開發(iOS/Android)一年以上經驗可以閱讀英文操作說明，與美國團隊溝通【經驗或資歷者更佳】具有機器學習(Machine Learning)與深度學習(Deep learning)的開發經驗具有物件辨識與追蹤的開發經驗具有Kinect, Leap Motion, 手勢辨識的開發經驗具有3D深度感測器與映射技術能力手機遊戲開發經驗(iOS/Android) ARKit, ARCore行動/網頁開發經驗，並具備橫跨多種裝置(Windows, iOS, Android)、工具(例如JavaScript, C#, Swift)及frameworks(例如Node.js, Angular, React)的經驗",https://www.cake.me/companies/thegrailvr/jobs/6ab455?locale=en,104台北市松山區復興北路167號3樓之1,,我們是矽谷新創公司計畫在台灣建立技術團隊，尋找Unity 3D軟體遊戲開發工程主管，月薪80K~100K，請參考我們的DEMO：https://www.youtube.com/channel/UCWSlYiFdGgjGFOU8JDb26hw如果有興趣歡迎與我們聯絡，我們的信箱是[email protected]。,https://www.cake.me/companies/thegrailvr
Unreal與Unity 3D軟體遊戲開發工程主管：矽谷新創公司在台灣建立技術團隊,萬達人工智慧科技股份有限公司,1 - 10 people,Game Production,Unity Game Developer,Full-time,"Executive (VP, GM, C-Level)",1,"80,000 ~ 100,000 TWD / month",UnrealUnity 3D,Personal Invitation Link,"['Unreal', 'Unity 3D']","【公司名稱】
矽谷新創公司The Grail VR 在台灣尋找AR/VR軟體開發工程主管與創業伙伴
The Grail VR為專業設計製作AR/VR/MR開發的公司，官方網站請參考：
https://thegrailvr.com
我們使用Magic Leap One眼鏡/HTC VIVE/手機，已經上線的遊戲產品請參考Youtube：
https://www.youtube.com/channel/UCWSlYiFdGgjGFOU8JDb26hw
【公司地址】
No. 511, Fremont Street, Suite 707, San Francisco, CA 94105, USA【上班地點】
新北市中和區中正路866之6號9樓【工作內容】
以Unreal /C++，開發新的中文,日文及英文版MR/AR/VR平台及產品
構建最先進的混合實境及擴增實境方案，例如用於Magic Leap, HTC Vive及手機
開發及支援高品質、可靠度高的互動性應用
配合團隊提供數位資產、工作流程及研發的最佳實施架構
對於專案設計流程及工具提出建議及改善方案
參與創意性腦力激盪討論，開發創新的VR/AR體驗
對於如何構建有效率的產品製作流程提出建議與經驗
能夠與產業當中最新趨勢同步，並可提出技術創新想法
能夠與不同功能團隊配合工作，確保進行的專案能夠及時完成
【工作態度】
能夠保持彈性及高度意願來研習專案所需要的新技術
能夠成功地扮演好做為開發團隊的一份子
優質的溝通技巧與能力
能夠自我激勵，並且是良好的溝通角色及團隊成員
具備將概念設計轉化成高品質的互動方案的能力
能夠深入研究複雜的系統，並迅速得到結論
對於學習新觀念與技術保持高度進取的態度
具備動機與能力能夠獨立進行工作
具備良好的組織能力與解決問題技巧，對於細節能夠保持關注
具有軟體版本控制的經驗","【技術專長】資訊科學或相關科系大學及以上學歷Unreal 三年以上開發經驗，如果是開發遊戲更佳3D 繪圖引擎使用經驗，例如Unity 3D, Unreal, CryEngine等有使用任何下列平台的遊戲開發(AR/VR)，以及完整工作流程的經驗，包括ARKit, ARCore , HTC Vive, Oculus Rift, HTC Vive, Mobile IOS/Android具備撰寫、產生及遵循專案開發規格的能力，並且準確及有效率地完成具備使用第三方API, SDK, Plug-in的豐富經驗具有最新繪圖API的經驗手機遊戲開發(iOS/Android)一年以上經驗可以閱讀英文操作說明，與美國團隊溝通【經驗或資歷者更佳】具有機器學習(Machine Learning)與深度學習(Deep learning)的開發經驗具有物件辨識與追蹤的開發經驗具有Kinect, Leap Motion, 手勢辨識的開發經驗具有3D深度感測器與映射技術能力手機遊戲開發經驗(iOS/Android) ARKit, ARCore行動/網頁開發經驗，並具備橫跨多種裝置(Windows, iOS, Android)、工具(例如JavaScript, C#, Swift)及frameworks(例如Node.js, Angular, React)的經驗",https://www.cake.me/companies/thegrailvr/jobs/1522e7?locale=en,104台北市松山區復興北路167號3樓之1,,我們是矽谷新創公司計畫在台灣建立技術團隊，尋找Unity 3D軟體遊戲開發工程主管，月薪80K~100K，請參考我們的DEMO：https://www.youtube.com/channel/UCWSlYiFdGgjGFOU8JDb26hw如果有興趣歡迎與我們聯絡，我們的信箱是[email protected]。,https://www.cake.me/companies/thegrailvr
Android APP 開發工程師,安亞管理顧問有限公司,11 - 50 people,IT,Android Developer,Full-time,"Executive (VP, GM, C-Level)",1,"40,000 ~ 65,000 TWD / month",,Personal Invitation Link,[],"工作內容:
1.有Android軟體開發經驗，熟悉安卓系統移動開發技術
2.有紮實的Java語言基礎，熟練掌握安卓各種UI布局和控制元件，能淑練及自訂UI控制元件
3.熟悉Android程序設計、android系統架構
4.熟悉Android系統網路通信機制
5.熟悉Android系統虛擬系統之架構
6.掌握Android動態注入技術，熟悉常用的Hook框架
7.對Android程序性能之優化、需有內部優化的經驗",,https://www.cake.me/companies/facebook-anyataipei/jobs/android-app-development-engineer-65002f?locale=en,台北市內湖區基湖路,,安亞管理顧問公司為市場上首屈一指的企業管理顧問公司，擁有海內外優秀的經營團隊，我們的主要經營團隊帶來了豐富的商業知識和諮詢經驗，能夠在了解公司文化、商業的獨特性後提供最符合公司目標的合作模式，並在企業面對環境挑戰時給予企業多方面的解決方案，且致力於提供最專業的服務，以追求企業永續經營成長我們重視每一位同仁的成長與發展未來，並提供明亮、乾淨、溫馨、安全的良好工作環境，實力堅強的服務團隊，提供學習與成長的空間，歡迎有想法、具企圖心、肯學習的夥伴一起加入，共同創造雙贏的未來！,https://www.cake.me/companies/facebook-anyataipei
雪茄吧店經理,HUAN&WEI,51 - 200 people,Customer Service,Store Manager / Management,Full-time,"Executive (VP, GM, C-Level)",1,"40,000 ~ 60,000 TWD / month",,Personal Invitation Link,[],"職缺描述 
於今年2018年9月成立了台中精品保險櫃旗艦店，台中旗艦店形象影片 ，品牌形象與空間藝術都是全新面貌
目前我們已於台北市中山區中山北路二段籌劃72坪超大坪數的精品保險櫃旗艦店裡面結合了高級會員制酒吧，酒吧將創造全新的樣貌，結合藝廊和藝文的異業合作，定期展藝文相關的活動加上原本的精品咖啡、酒、雪茄等相關活動，打造精品會員制。

工作內容

1.負責介紹及銷售雪茄、威士忌、咖啡。 2.提供顧客之接待與需求服務。 3. 管理酒吧部門營運。3.協助商品進貨入庫、銷售管理及庫存管理。 4.負責商品裝、陳列。 5.維持店內週遭之整潔。 
薪資資訊
1. 工作待遇：月薪 40,000~60,000元2. 工作性質：全職4. 管理責任：管理3-5人6. 上班時段：早晚班，需輪班7. 休假制度：週休二日，需排班8. 上班日：不限9. 需求人數：1 人10. 工作地點離雙連站只需步行5分鐘
職務需求
1. 三年以上酒吧or餐酒館or雪茄館工作經驗2. 具雪茄、威士忌相關知識3. 具相關管理經驗尤佳",,https://www.cake.me/companies/huan-wei/jobs/cigar-bar-manager?locale=en,台北市中山區中山北路二段89號,,我們公司是在台經營30年的老品牌，也是業界領導品牌目前正在轉型，目標是要做亞洲區第一的精品保險櫃品牌不只產品的革新，經營模式也是我們的轉型重點。HW於2018年9月成立了台中精品保險櫃旗艦店 品牌形象與空間設計都是走數位時尚，另外台北也是重點開發地點目前我們已於台北市中山區中山北路二段籌劃72坪超大坪數的精品保險櫃旗艦店，不只有保險櫃，還結合了高級會員制酒吧，酒吧也將創造全新的樣貌，會結合藝廊和藝文的異業合作，定期展藝文相關的活動加上原本的精品咖啡、酒、雪茄等相關活動，打造精品會員制。未來整合精品保險櫃後，再利用精品製造的背景開始推出設計款傢具家飾或裝置藝術等。,https://www.cake.me/companies/huan-wei
